CREATE DATABASE  IF NOT EXISTS `yamugapart` /*!40100 DEFAULT CHARACTER SET utf8 */;
USE `yamugapart`;
-- MySQL dump 10.13  Distrib 5.6.17, for Win64 (x86_64)
--
-- Host: localhost    Database: yamugapart
-- ------------------------------------------------------
-- Server version	5.6.21-log

/*!40101 SET @OLD_CHARACTER_SET_CLIENT=@@CHARACTER_SET_CLIENT */;
/*!40101 SET @OLD_CHARACTER_SET_RESULTS=@@CHARACTER_SET_RESULTS */;
/*!40101 SET @OLD_COLLATION_CONNECTION=@@COLLATION_CONNECTION */;
/*!40101 SET NAMES utf8 */;
/*!40103 SET @OLD_TIME_ZONE=@@TIME_ZONE */;
/*!40103 SET TIME_ZONE='+00:00' */;
/*!40014 SET @OLD_UNIQUE_CHECKS=@@UNIQUE_CHECKS, UNIQUE_CHECKS=0 */;
/*!40014 SET @OLD_FOREIGN_KEY_CHECKS=@@FOREIGN_KEY_CHECKS, FOREIGN_KEY_CHECKS=0 */;
/*!40101 SET @OLD_SQL_MODE=@@SQL_MODE, SQL_MODE='NO_AUTO_VALUE_ON_ZERO' */;
/*!40111 SET @OLD_SQL_NOTES=@@SQL_NOTES, SQL_NOTES=0 */;

--
-- Table structure for table `apart`
--

DROP TABLE IF EXISTS `apart`;
/*!40101 SET @saved_cs_client     = @@character_set_client */;
/*!40101 SET character_set_client = utf8 */;
CREATE TABLE `apart` (
  `Apart_ID` int(11) NOT NULL AUTO_INCREMENT,
  `Apart_Adi` varchar(45) COLLATE utf8_turkish_ci DEFAULT NULL,
  `Apart_Adres` varchar(255) COLLATE utf8_turkish_ci DEFAULT NULL,
  `Apart_Temizlik` varchar(45) COLLATE utf8_turkish_ci DEFAULT NULL,
  `Apart_Ariza` varchar(255) COLLATE utf8_turkish_ci DEFAULT NULL,
  `Apart_Onarim` varchar(45) COLLATE utf8_turkish_ci DEFAULT NULL,
  PRIMARY KEY (`Apart_ID`)
) ENGINE=InnoDB AUTO_INCREMENT=22 DEFAULT CHARSET=utf8 COLLATE=utf8_turkish_ci;
/*!40101 SET character_set_client = @saved_cs_client */;

--
-- Dumping data for table `apart`
--

LOCK TABLES `apart` WRITE;
/*!40000 ALTER TABLE `apart` DISABLE KEYS */;
INSERT INTO `apart` VALUES (1,'Ayışığı Apart','Fatih mh','temiz değil','','sağlam'),(2,'Altın Apart','Kepeci mh','temiz','Musluk sorunlu','arızalı'),(3,'Boncukoğlu Apart','Yedişehitler mh','temiz','','sağlam'),(4,'İmren Apart','Bahçeşehirler mh','temiz','Kapı tam kapanmıyor','arızalı'),(5,'Emek Apart','Zafer mh','temiz','','sağlam'),(6,'Güleryüz Apart','Modernevler mh','temiz','Internet sorunlu','arızalı'),(7,'Ahsen Apart','Anadolu mh','temiz','','sağlam'),(8,'Barida Apart','Davraz mh','temiz','','sağlam'),(9,'Sardohan Apart','Çünür mh','temiz','Zil çalmıyor','arızalı'),(10,'Çelik Apart','Halıkent mh','temiz değil','','sağlam'),(11,'Bilgiç Apart','Hızırbey mh','temiz','Diafon çalışmıyor','arızalı');
/*!40000 ALTER TABLE `apart` ENABLE KEYS */;
UNLOCK TABLES;

--
-- Table structure for table `dlist`
--

DROP TABLE IF EXISTS `dlist`;
/*!40101 SET @saved_cs_client     = @@character_set_client */;
/*!40101 SET character_set_client = utf8 */;
CREATE TABLE `dlist` (
  `Dlist_ID` int(11) NOT NULL AUTO_INCREMENT,
  `Dlist_Turu` varchar(45) DEFAULT NULL,
  `Dlist_Marka` varchar(45) DEFAULT NULL,
  `Dlist_Adet` varchar(45) DEFAULT NULL,
  `Dlist_Apart_ID` int(11) NOT NULL,
  PRIMARY KEY (`Dlist_ID`),
  KEY `Dlist_Apart_ID` (`Dlist_Apart_ID`)
) ENGINE=InnoDB AUTO_INCREMENT=103 DEFAULT CHARSET=utf8;
/*!40101 SET character_set_client = @saved_cs_client */;

--
-- Dumping data for table `dlist`
--

LOCK TABLES `dlist` WRITE;
/*!40000 ALTER TABLE `dlist` DISABLE KEYS */;
INSERT INTO `dlist` VALUES (34,'TV','LG','1',12),(79,'TV','LG','1',1),(80,'Yatak','Yataş','1',1),(81,'Koltuk','IKEA','2',1),(82,'Sandalye','IKEA','4',1),(83,'TV','Philips','1',2),(84,'Fırın','ALTUS','1',2),(85,'Çamaşır Makinesi','ALTUS','1',2),(86,'Buzdolabı','ALTUS','1',2),(87,'TV','PREMIER','1',3),(88,'Buzdolabı','REGAL','1',3),(89,'Mikrodalga','REGAL','1',3),(90,'Ocak','REGAL','1',3),(91,'Yatak','IKEA','1',3),(94,'TV','SUNNY','1',4),(95,'Süpürge','Fakir','1',4),(96,'TV','SAMSUNG','1',6),(97,'TV','SAMSUNG','1',7),(98,'TV','ASUS','1',8),(99,'TV','PHILIPS','1',9),(101,'TV','VESTEL','1',10),(102,'TV','VESTEL','1',11);
/*!40000 ALTER TABLE `dlist` ENABLE KEYS */;
UNLOCK TABLES;

--
-- Table structure for table `musteri`
--

DROP TABLE IF EXISTS `musteri`;
/*!40101 SET @saved_cs_client     = @@character_set_client */;
/*!40101 SET character_set_client = utf8 */;
CREATE TABLE `musteri` (
  `Musteri_ID` int(11) NOT NULL AUTO_INCREMENT,
  `Musteri_Adi` varchar(45) COLLATE utf8_turkish_ci DEFAULT NULL,
  `Musteri_Soyadi` varchar(45) COLLATE utf8_turkish_ci DEFAULT NULL,
  `Musteri_Tel` varchar(45) COLLATE utf8_turkish_ci NOT NULL,
  `Musteri_Email` varchar(45) COLLATE utf8_turkish_ci DEFAULT NULL,
  `Musteri_Kira_Tarihi` varchar(45) COLLATE utf8_turkish_ci DEFAULT NULL,
  `Musteri_Apart_ID` int(11) NOT NULL,
  `Musteri_Oda_NO` varchar(45) COLLATE utf8_turkish_ci DEFAULT NULL,
  `Musteri_Dogalgaz` varchar(45) COLLATE utf8_turkish_ci DEFAULT NULL,
  `Musteri_Su` varchar(45) COLLATE utf8_turkish_ci DEFAULT NULL,
  `Musteri_Internet` varchar(45) COLLATE utf8_turkish_ci DEFAULT NULL,
  `Musteri_Elektrik` varchar(45) COLLATE utf8_turkish_ci DEFAULT NULL,
  PRIMARY KEY (`Musteri_ID`),
  KEY `Musteri_Apart_ID` (`Musteri_Apart_ID`)
) ENGINE=InnoDB AUTO_INCREMENT=3933 DEFAULT CHARSET=utf8 COLLATE=utf8_turkish_ci;
/*!40101 SET character_set_client = @saved_cs_client */;

--
-- Dumping data for table `musteri`
--

LOCK TABLES `musteri` WRITE;
/*!40000 ALTER TABLE `musteri` DISABLE KEYS */;
INSERT INTO `musteri` VALUES (1,'Hasan','YILMAZ','5076507015','hasan.yilmaz36@gmail.com','2015-01-07',1,'2','301','50','50','100'),(2,'Serhan','AKSOY','5063942570','serhan@aksoycafe.com','2015-01-08',2,'3','300','100','200','150'),(3,'Hakan','ÜNAL','5061450068','miragessee@hotmail.com','2015-01-09',1,'1','200','200','200','200'),(4,'Okan','SÜTÇÜOĞLU','5531485296','okanswer@gmail.com','2015-01-10',2,'5','25','25','25','25'),(2833,'Neva','KURU','5535747553','nevakuru45@hotmail.com','2015-01-19',4,'8','27','71','48','60'),(2834,'Sude','SÖZER','5537560150','sudesözer56@yandex.com','2015-02-16',9,'8','34','61','25','0'),(2835,'Kerem','ILIK','5331777834','keremılık90@yandex.com','2015-01-16',7,'9','56','56','58','69'),(2836,'Görkem','SAĞLAM','5051998353','görkemsağlam40@yandex.com','2015-02-17',9,'5','17','78','60','59'),(2837,'Mert','MERT','5353183472','mertmert2@gmail.com','2015-02-23',7,'8','22','52','51','2'),(2838,'Burak','DEMİR','5338410542','burakdemir59@outlook.com','2015-01-12',2,'5','26','21','49','75'),(2839,'Neva','GÖÇMEN','5344799770','nevagöçmen82@hotmail.com','2015-01-23',10,'2','14','29','50','57'),(2840,'Emre','SAĞLAM','5328444928','emresağlam44@mynet.com','2015-02-06',5,'8','26','34','29','35'),(2841,'Selin','SUNA','5536752110','selinsuna12@windowslive.com','2015-02-26',9,'3','56','53','57','6'),(2842,'Kayra','SAĞLAM','5079715590','kayrasağlam88@outlook.com','2015-02-09',5,'5','69','88','87','82'),(2843,'Beren','SERT','5463552475','berensert60@outlook.com','2015-02-26',6,'7','77','76','75','73'),(2844,'Berra','SEVER','5342674705','berrasever42@hotmail.com','2015-01-17',5,'5','94','35','58','30'),(2845,'Kayra','SERT','5347132437','kayrasert25@hotmail.com','2015-02-21',9,'9','1','69','40','99'),(2846,'Berke','ER','5323916951','berkeer56@outlook.com','2015-01-14',7,'6','95','0','79','98'),(2847,'Kağan','AKSOY','5066463482','kağanaksoy17@outlook.com','2015-01-09',9,'10','23','17','8','17'),(2848,'Sena','YILDIRIM','5350847767','senayıldırım0@hotmail.com','2015-01-07',4,'1','38','44','19','61'),(2849,'Simay','HEKİM','5332691175','simayhekim95@windowslive.com','2015-02-12',3,'4','63','51','3','6'),(2850,'Berra','SERİN','5335278924','berraserin46@mynet.com','2015-02-01',7,'5','50','95','50','34'),(2851,'Sena','YILDIRIM','5465175643','senayıldırım71@windowslive.com','2015-01-21',2,'4','90','44','44','39'),(2852,'Utku','OYNAR','5055908222','utkuoynar1@outlook.com','2015-01-21',3,'7','48','11','1','21'),(2853,'Emine','ACAR','5055828523','emineacar28@hotmail.com','2015-01-14',3,'7','98','60','27','17'),(2854,'Elisa','SEVER','5354660196','elisasever60@windowslive.com','2015-02-07',3,'5','74','22','25','41'),(2855,'Sarp','SERT','5070566511','sarpsert55@yandex.com','2015-02-03',3,'9','28','94','54','78'),(2856,'Kağan','ORMAN','5467223237','kağanorman23@yandex.com','2015-01-17',7,'10','62','1','16','71'),(2857,'Eren','İNCE','5533575871','erenince45@outlook.com','2015-02-01',3,'10','2','81','64','85'),(2858,'Kayra','HEKİM','5340795351','kayrahekim47@windowslive.com','2015-01-21',10,'3','29','88','62','36'),(2859,'Beren','İNCE','5355056926','berenince56@outlook.com','2015-02-16',9,'7','42','32','55','45'),(2860,'Kaan','İNCE','5345146309','kaanince51@yandex.com','2015-02-09',5,'2','99','7','93','78'),(2861,'Ali','ILICALI','5357471686','aliılıcalı74@yandex.com','2015-01-25',8,'6','21','40','35','81'),(2862,'Emre','ACAR','5060621305','emreacar53@hotmail.com','2015-02-08',8,'6','11','81','90','1'),(2863,'Görkem','OKTAY','5356993567','görkemoktay96@yandex.com','2015-01-21',10,'8','9','80','85','59'),(2864,'Kerem','OKTAY','5063226221','keremoktay19@hotmail.com','2015-02-13',8,'6','84','36','76','49'),(2865,'Selin','AKIN','5526169433','selinakın16@gmail.com','2015-02-03',10,'9','25','86','54','62'),(2866,'Yağız','SAĞLAM','5072985171','yağızsağlam22@hotmail.com','2015-02-21',6,'4','82','45','47','16'),(2867,'Selin','GÜZEL','5344178425','selingüzel78@yandex.com','2015-01-19',1,'5','31','9','86','14'),(2868,'Zeynep','GÖÇMEN','5072840863','zeynepgöçmen40@outlook.com','2015-02-14',2,'10','92','87','46','16'),(2869,'Eren','SAĞLAM','5539441388','erensağlam70@yandex.com','2015-01-08',9,'9','29','68','38','74'),(2870,'Nisa','SUNA','5343173412','nisasuna34@gmail.com','2015-02-06',4,'1','23','92','19','78'),(2871,'Mina','SUNA','5063703667','minasuna60@yandex.com','2015-01-14',10,'5','2','61','93','25'),(2872,'Görkem','SEVER','5076881312','görkemsever17@windowslive.com','2015-01-19',7,'8','88','36','80','9'),(2873,'Arda','OKTAY','5341805493','ardaoktay55@windowslive.com','2015-02-01',5,'2','92','35','80','68'),(2874,'Emre','ŞAFAK','5355018873','emreşafak36@windowslive.com','2015-02-02',11,'9','88','46','23','2'),(2875,'Emine','SUNA','5348175528','eminesuna46@hotmail.com','2015-02-12',2,'9','55','54','4','63'),(2876,'Simay','AKSOY','5342437010','simayaksoy58@mynet.com','2015-01-11',2,'5','44','79','10','53'),(2877,'Mina','ILICALI','5069265098','minaılıcalı96@yandex.com','2015-02-20',5,'1','20','45','48','4'),(2878,'Kerem','ABZAK','5346552837','keremabzak79@mynet.com','2015-02-17',7,'3','63','14','80','18'),(2879,'Ceren','SERT','5321365124','cerensert27@outlook.com','2015-02-08',1,'9','76','52','52','76'),(2880,'Emre','ÖZTÜRK','5527091100','emreöztürk69@yandex.com','2015-01-19',6,'9','67','58','4','34'),(2881,'Arda','AKIN','5526287812','ardaakın24@gmail.com','2015-01-16',3,'7','69','10','60','52'),(2882,'Ali','SAĞLAM','5347929747','alisağlam72@yandex.com','2015-02-24',1,'2','68','56','9','48'),(2883,'Elisa','SERT','5464890032','elisasert88@yandex.com','2015-02-14',6,'7','62','74','88','85'),(2884,'Kerem','SAĞLAM','5069071502','keremsağlam96@outlook.com','2015-01-15',7,'10','58','94','4','0'),(2885,'Burak','MERT','5065450959','burakmert51@yandex.com','2015-02-20',3,'10','15','38','5','64'),(2886,'Emre','ACAR','5339993341','emreacar67@outlook.com','2015-01-19',10,'9','55','0','78','11'),(2887,'Selin','GÖÇMEN','5324962904','selingöçmen88@yandex.com','2015-02-04',8,'7','27','22','97','98'),(2888,'Simay','DEMİR','5460807776','simaydemir79@outlook.com','2015-02-24',2,'7','1','62','34','18'),(2889,'Nisa','SEVER','5342335580','nisasever52@outlook.com','2015-01-09',3,'9','3','40','45','43'),(2890,'Mina','YILMAZ','5331874470','minayılmaz91@outlook.com','2015-01-01',4,'4','45','2','86','81'),(2891,'Baran','IŞIK','5523951649','baranışık46@mynet.com','2015-01-23',10,'5','93','0','75','29'),(2892,'Beren','ACAR','5062153039','berenacar43@hotmail.com','2015-02-10',2,'4','56','5','18','91'),(2893,'Sude','ÇETİN','5072087185','sudeçetin90@outlook.com','2015-01-07',3,'6','53','42','75','68'),(2894,'Ece','AKIN','5057177924','eceakın37@yandex.com','2015-01-22',3,'9','15','18','14','64'),(2895,'Eren','OYNAR','5344675738','erenoynar15@outlook.com','2015-01-22',9,'2','88','87','78','61'),(2896,'Samet','OKTAY','5465241650','sametoktay28@mynet.com','2015-02-07',8,'6','95','62','72','95'),(2897,'Ege','ÇELİK','5078653232','egeçelik5@yandex.com','2015-01-04',4,'3','14','33','73','81'),(2898,'Neva','IŞIK','5348642319','nevaışık5@windowslive.com','2015-02-17',9,'6','67','63','58','71'),(2899,'Mustafa','SÖZER','5066453328','mustafasözer54@yandex.com','2015-02-05',9,'7','23','8','5','21'),(2900,'Emre','ILICALI','5467475318','emreılıcalı52@windowslive.com','2015-02-04',9,'4','65','72','87','57'),(2901,'Arda','ILIK','5329784273','ardaılık13@windowslive.com','2015-02-25',2,'5','44','95','89','84'),(2902,'Eren','METİN','5320977868','erenmetin39@hotmail.com','2015-01-06',9,'8','37','17','3','80'),(2903,'Batuhan','KURU','5357770670','batuhankuru16@hotmail.com','2015-01-04',2,'3','96','84','34','37'),(2904,'Deniz','ILICALI','5071336826','denizılıcalı64@outlook.com','2015-02-24',3,'10','76','97','21','56'),(2905,'Kerem','HEKİM','5072311495','keremhekim14@gmail.com','2015-02-15',5,'1','36','69','31','27'),(2906,'Yağız','ORMAN','5355342871','yağızorman9@mynet.com','2015-01-03',1,'5','54','69','75','56'),(2907,'Görkem','AKSOY','5531272315','görkemaksoy56@hotmail.com','2015-02-09',11,'2','31','63','23','17'),(2908,'Utku','YILMAZ','5529221653','utkuyılmaz77@outlook.com','2015-02-17',7,'9','39','84','84','60'),(2909,'Kerem','MERT','5348032928','keremmert16@hotmail.com','2015-01-22',1,'6','51','37','88','42'),(2910,'Kayra','ÖZTEKİN','5063555955','kayraöztekin36@yandex.com','2015-02-17',8,'2','52','89','94','0'),(2911,'Çağan','SAĞLAM','5534657946','çağansağlam93@outlook.com','2015-02-13',11,'10','22','61','62','27'),(2912,'Azra','YILMAZ','5467017850','azrayılmaz40@mynet.com','2015-01-07',3,'6','87','12','44','0'),(2913,'Kayra','ILIK','5073051118','kayraılık10@outlook.com','2015-02-16',6,'3','26','22','9','17'),(2914,'Burak','OYNAR','5327945383','burakoynar88@yandex.com','2015-01-08',6,'2','3','83','16','12'),(2915,'Zeynep','ÇELİK','5334983134','zeynepçelik53@mynet.com','2015-02-09',9,'1','39','3','54','43'),(2916,'Samet','YILDIRIM','5530737529','sametyıldırım46@hotmail.com','2015-01-26',8,'5','38','68','63','71'),(2917,'Nisa','ORMAN','5351898508','nisaorman33@yandex.com','2015-02-07',6,'2','43','60','76','45'),(2918,'Görkem','ŞAFAK','5067583957','görkemşafak91@outlook.com','2015-01-17',11,'2','1','72','36','44'),(2919,'Zeynep','YILMAZ','5339580885','zeynepyılmaz58@mynet.com','2015-02-23',5,'10','32','60','83','9'),(2920,'Burak','YILMAZ','5339131666','burakyılmaz43@hotmail.com','2015-01-07',6,'3','94','3','95','41'),(2921,'Nisa','AKIN','5343744376','nisaakın18@mynet.com','2015-01-08',1,'2','6','67','34','43'),(2922,'Emine','ILICALI','5463856217','emineılıcalı46@yandex.com','2015-02-21',8,'9','82','2','79','61'),(2923,'Mustafa','GÖÇMEN','5065006921','mustafagöçmen96@yandex.com','2015-02-14',8,'9','17','10','21','21'),(2924,'Burak','SÖZER','5321230844','buraksözer94@windowslive.com','2015-01-25',6,'7','58','4','14','28'),(2925,'Burak','ORMAN','5065640777','burakorman79@outlook.com','2015-01-10',6,'5','49','72','87','90'),(2926,'Baran','HEKİM','5325358180','baranhekim37@mynet.com','2015-01-19',1,'10','92','96','6','78'),(2927,'Neva','ŞAFAK','5348589406','nevaşafak5@gmail.com','2015-02-06',1,'5','9','8','49','76'),(2928,'Baran','ACAR','5068610344','baranacar13@mynet.com','2015-02-24',3,'6','19','48','48','57'),(2929,'Emre','ILIK','5059704451','emreılık67@mynet.com','2015-02-15',5,'10','47','13','28','99'),(2930,'Emir','AKSOY','5073954225','emiraksoy59@hotmail.com','2015-01-04',8,'6','72','58','19','96'),(2931,'Görkem','ŞAFAK','5521725103','görkemşafak51@windowslive.com','2015-02-24',2,'8','57','18','78','65'),(2932,'Emine','ABZAK','5341987414','emineabzak37@gmail.com','2015-02-12',9,'6','52','8','23','18'),(2933,'Berke','SEVER','5061413972','berkesever73@windowslive.com','2015-01-21',4,'7','73','40','36','76'),(2934,'Elisa','SAĞLAM','5523691774','elisasağlam44@hotmail.com','2015-01-06',6,'3','50','28','11','24'),(2935,'Simay','MERT','5053325077','simaymert53@hotmail.com','2015-01-26',9,'3','87','18','45','60'),(2936,'Berra','AKIN','5061690509','berraakın98@yandex.com','2015-02-24',9,'7','63','22','86','72'),(2937,'Berke','ILICALI','5359944769','berkeılıcalı48@gmail.com','2015-02-06',3,'8','44','8','34','35'),(2938,'Ece','SEVER','5525514460','ecesever39@mynet.com','2015-01-11',9,'2','45','90','33','14'),(2939,'Kayra','AKSOY','5340564286','kayraaksoy29@outlook.com','2015-02-13',1,'1','79','31','69','75'),(2940,'Azra','ABZAK','5528980779','azraabzak77@gmail.com','2015-01-15',1,'5','53','92','14','84'),(2941,'Samet','METİN','5050964765','sametmetin81@hotmail.com','2015-02-24',10,'8','64','85','32','50'),(2942,'Batuhan','ACAR','5356354787','batuhanacar79@mynet.com','2015-01-13',10,'9','20','14','9','9'),(2943,'Yağız','ORMAN','5461887503','yağızorman22@windowslive.com','2015-01-18',8,'4','33','53','47','1'),(2944,'Nisa','KURU','5069467991','nisakuru37@hotmail.com','2015-02-04',1,'10','8','46','92','10'),(2945,'Selin','ÇELİK','5320605285','selinçelik5@gmail.com','2015-01-02',10,'4','94','51','11','55'),(2946,'Eren','SÖZER','5061110851','erensözer67@windowslive.com','2015-01-08',3,'10','58','55','41','7'),(2947,'Görkem','AKIN','5058297769','görkemakın9@gmail.com','2015-01-15',11,'8','97','46','50','84'),(2948,'Sena','OKTAY','5066668082','senaoktay40@yandex.com','2015-02-22',3,'5','8','82','96','79'),(2949,'Görkem','ABZAK','5337326360','görkemabzak92@outlook.com','2015-01-04',2,'6','70','23','63','87'),(2950,'Simay','OKTAY','5330775777','simayoktay89@gmail.com','2015-01-17',5,'8','82','62','4','19'),(2951,'Can','OKTAY','5073080047','canoktay12@hotmail.com','2015-01-15',6,'8','45','61','75','77'),(2952,'Burak','YILMAZ','5057116875','burakyılmaz10@yandex.com','2015-02-10',7,'1','97','60','11','68'),(2953,'Berke','ILIK','5060280875','berkeılık64@hotmail.com','2015-02-23',7,'1','17','14','63','20'),(2954,'Kağan','ÖZTÜRK','5068638259','kağanöztürk3@hotmail.com','2015-02-12',10,'6','83','0','89','75'),(2955,'Ceren','MERT','5347708151','cerenmert61@windowslive.com','2015-02-24',11,'3','34','43','26','0'),(2956,'Yağız','YILDIRIM','5057952648','yağızyıldırım44@windowslive.com','2015-01-20',7,'2','75','70','37','66'),(2957,'Nisa','METİN','5072029243','nisametin82@windowslive.com','2015-02-04',2,'1','48','47','39','29'),(2958,'Emre','KURU','5329084414','emrekuru66@yandex.com','2015-02-19',5,'6','33','32','56','26'),(2959,'Ege','ŞAFAK','5340506806','egeşafak33@windowslive.com','2015-02-22',4,'2','15','43','91','6'),(2960,'Ceren','OYNAR','5331716456','cerenoynar55@mynet.com','2015-02-25',4,'1','6','50','59','20'),(2961,'Görkem','ACAR','5072019342','görkemacar96@hotmail.com','2015-02-17',8,'2','10','54','88','93'),(2962,'Deniz','ÖZTEKİN','5344912775','denizöztekin49@outlook.com','2015-01-04',3,'3','69','55','16','65'),(2963,'Emre','OYNAR','5320865608','emreoynar92@windowslive.com','2015-01-08',6,'3','23','7','53','44'),(2964,'Çağan','GÖÇMEN','5537086040','çağangöçmen91@hotmail.com','2015-01-17',1,'9','14','76','10','32'),(2965,'Kağan','ÖZTEKİN','5321685073','kağanöztekin58@gmail.com','2015-02-02',10,'10','54','49','7','5'),(2966,'Berra','ŞAFAK','5321387946','berraşafak68@outlook.com','2015-01-23',3,'3','36','65','81','87'),(2967,'Sena','ÇETİN','5352072878','senaçetin7@yandex.com','2015-02-18',6,'1','51','90','22','59'),(2968,'Baran','ACAR','5522868789','baranacar11@windowslive.com','2015-02-10',9,'8','99','78','46','96'),(2969,'Ahmet','METİN','5523735742','ahmetmetin36@gmail.com','2015-01-21',10,'2','86','36','37','57'),(2970,'Görkem','KURU','5077508007','görkemkuru28@mynet.com','2015-01-02',5,'8','48','96','72','34'),(2971,'Ceren','KURU','5524854080','cerenkuru10@yandex.com','2015-02-05',5,'4','41','97','68','52'),(2972,'Batuhan','ŞAFAK','5353048512','batuhanşafak52@gmail.com','2015-02-12',5,'6','81','8','43','92'),(2973,'Melis','ÇETİN','5537949262','melisçetin28@outlook.com','2015-02-15',8,'3','8','2','16','56'),(2974,'Sena','ER','5529559811','senaer41@hotmail.com','2015-02-14',9,'5','21','77','77','32'),(2975,'Selin','SERT','5322657155','selinsert83@outlook.com','2015-02-24',10,'4','69','48','57','3'),(2976,'Emre','KURU','5531546274','emrekuru42@outlook.com','2015-01-25',6,'6','84','64','82','94'),(2977,'Mustafa','GÖÇMEN','5468466758','mustafagöçmen9@yandex.com','2015-01-04',7,'9','65','56','32','42'),(2978,'Zeynep','MERT','5536193615','zeynepmert83@windowslive.com','2015-01-21',9,'9','89','81','83','89'),(2979,'Batuhan','ABZAK','5343028201','batuhanabzak33@gmail.com','2015-02-25',10,'8','44','88','52','81'),(2980,'Beren','İNCE','5345725937','berenince1@yandex.com','2015-01-22',6,'5','1','20','97','51'),(2981,'Azra','ER','5465481145','azraer27@windowslive.com','2015-02-22',4,'1','48','6','26','91'),(2982,'Çağan','ÖZTEKİN','5531738304','çağanöztekin91@windowslive.com','2015-01-03',3,'10','48','85','64','70'),(2983,'Berke','ÖZTEKİN','5052300699','berkeöztekin22@hotmail.com','2015-01-25',5,'3','55','32','85','67'),(2984,'Deniz','DEMİR','5467713092','denizdemir35@gmail.com','2015-01-18',10,'6','19','89','50','1'),(2985,'Zeynep','OYNAR','5058106083','zeynepoynar36@hotmail.com','2015-01-09',3,'7','7','98','64','95'),(2986,'Burak','METİN','5344650276','burakmetin74@outlook.com','2015-01-22',5,'2','88','35','20','88'),(2987,'Emre','HEKİM','5054195109','emrehekim60@outlook.com','2015-02-16',5,'8','60','42','0','59'),(2988,'Beren','ABZAK','5468841733','berenabzak1@windowslive.com','2015-02-24',4,'2','58','3','4','13'),(2989,'Alya','SAĞLAM','5059967899','alyasağlam89@mynet.com','2015-01-25',7,'3','38','11','79','49'),(2990,'Samet','ÖZTÜRK','5344711353','sametöztürk95@windowslive.com','2015-02-21',4,'2','82','62','34','73'),(2991,'Ece','YILMAZ','5341750208','eceyılmaz44@hotmail.com','2015-02-14',1,'1','57','53','14','95'),(2992,'Mina','SEVER','5052496382','minasever32@windowslive.com','2015-02-16',9,'10','39','59','5','43'),(2993,'Berra','YILMAZ','5532883510','berrayılmaz59@gmail.com','2015-01-19',2,'5','21','83','75','46'),(2994,'Emre','DEMİR','5461109263','emredemir49@yandex.com','2015-02-20',1,'6','86','78','67','95'),(2995,'Sarp','YILDIRIM','5533418161','sarpyıldırım94@yandex.com','2015-02-23',3,'4','15','22','26','7'),(2996,'Mina','SERT','5332492336','minasert43@outlook.com','2015-02-08',5,'3','81','23','68','43'),(2997,'Nisa','OKTAY','5358072928','nisaoktay56@yandex.com','2015-02-19',7,'6','17','83','30','68'),(2998,'Sude','YILDIRIM','5536550782','sudeyıldırım53@windowslive.com','2015-02-14',5,'6','58','7','28','52'),(2999,'Zeynep','ORMAN','5064938208','zeyneporman46@gmail.com','2015-02-25',5,'10','16','37','73','78'),(3000,'Mert','OYNAR','5326943166','mertoynar43@gmail.com','2015-02-17',3,'7','33','87','92','56'),(3001,'Batuhan','OYNAR','5056974604','batuhanoynar6@windowslive.com','2015-02-17',6,'10','59','25','53','65'),(3002,'Kağan','İNCE','5342796360','kağanince60@gmail.com','2015-02-03',8,'2','75','0','3','68'),(3003,'Emine','ÇETİN','5461407446','emineçetin75@hotmail.com','2015-02-25',4,'6','96','54','94','21'),(3004,'Mina','AKIN','5329295800','minaakın35@hotmail.com','2015-01-09',8,'9','95','51','83','65'),(3005,'Sarp','ORMAN','5072924397','sarporman69@mynet.com','2015-01-06',2,'7','68','76','88','31'),(3006,'Baran','SAĞLAM','5074533813','baransağlam0@hotmail.com','2015-02-11',11,'4','30','66','23','30'),(3007,'Burak','AKIN','5348681158','burakakın54@windowslive.com','2015-01-14',8,'4','39','54','98','24'),(3008,'Selin','YILDIRIM','5073767407','selinyıldırım68@hotmail.com','2015-02-01',11,'9','42','41','8','45'),(3009,'Eren','ÇELİK','5349597000','erençelik10@yandex.com','2015-01-17',4,'8','55','45','17','72'),(3010,'Emre','ÖZTEKİN','5522425999','emreöztekin51@mynet.com','2015-01-27',2,'7','92','0','67','69'),(3011,'Çağan','YILDIRIM','5353635521','çağanyıldırım69@outlook.com','2015-02-19',4,'1','4','29','96','66'),(3012,'Samet','YILDIRIM','5071133244','sametyıldırım8@yandex.com','2015-02-04',11,'10','55','25','65','36'),(3013,'Mert','SÖZER','5074149637','mertsözer46@windowslive.com','2015-01-22',9,'1','58','70','65','85'),(3014,'Simay','YILMAZ','5538775834','simayyılmaz92@gmail.com','2015-02-01',7,'5','38','6','74','22'),(3015,'Emir','MERT','5359699433','emirmert15@gmail.com','2015-01-20',9,'9','75','15','29','90'),(3016,'Görkem','SÖZER','5063059930','görkemsözer22@windowslive.com','2015-01-10',8,'7','62','49','1','42'),(3017,'Kaan','ÖZTÜRK','5070249405','kaanöztürk69@hotmail.com','2015-02-01',8,'4','60','99','82','32'),(3018,'Emir','SAĞLAM','5466613357','emirsağlam36@yandex.com','2015-01-11',2,'1','2','36','41','60'),(3019,'Zeynep','SUNA','5338101199','zeynepsuna11@windowslive.com','2015-02-19',10,'1','44','1','93','69'),(3020,'Azra','OKTAY','5350586889','azraoktay79@windowslive.com','2015-01-07',2,'2','11','88','85','80'),(3021,'Emre','IŞIK','5353403619','emreışık10@hotmail.com','2015-01-08',2,'5','95','27','63','75'),(3022,'Batuhan','ORMAN','5357793079','batuhanorman45@hotmail.com','2015-01-16',2,'5','15','61','66','46'),(3023,'Melis','KURU','5351514830','meliskuru96@outlook.com','2015-02-18',10,'10','85','58','8','93'),(3024,'Azra','SEVER','5535102060','azrasever97@gmail.com','2015-02-07',9,'5','78','92','55','35'),(3025,'Selin','ÇELİK','5526099548','selinçelik45@hotmail.com','2015-02-26',6,'1','27','17','46','36'),(3026,'Batuhan','ŞAFAK','5064081389','batuhanşafak97@hotmail.com','2015-02-14',8,'2','39','62','27','65'),(3027,'Kaan','AKIN','5520042931','kaanakın13@gmail.com','2015-02-17',11,'5','8','16','34','30'),(3028,'Mert','ORMAN','5528630556','mertorman16@outlook.com','2015-02-06',5,'5','55','90','30','63'),(3029,'Beren','ÖZTÜRK','5338377106','berenöztürk28@yandex.com','2015-01-27',8,'10','16','41','1','41'),(3030,'Eren','OYNAR','5466499901','erenoynar53@gmail.com','2015-01-16',6,'1','48','54','88','88'),(3031,'Ahmet','OYNAR','5334326052','ahmetoynar19@windowslive.com','2015-01-21',3,'1','46','34','18','20'),(3032,'Selin','ER','5066869368','seliner88@mynet.com','2015-01-19',10,'3','42','74','50','41'),(3033,'Burak','SUNA','5058005599','buraksuna22@windowslive.com','2015-01-12',6,'9','20','22','8','87'),(3034,'Burak','SAĞLAM','5062863053','buraksağlam70@gmail.com','2015-01-21',6,'9','59','74','84','61'),(3035,'Emine','AKIN','5075701270','emineakın78@mynet.com','2015-02-01',5,'1','40','30','30','17'),(3036,'Sude','SERİN','5323787835','sudeserin51@outlook.com','2015-02-23',5,'5','75','18','2','62'),(3037,'Utku','ÖZTÜRK','5528940696','utkuöztürk82@windowslive.com','2015-02-11',6,'9','47','95','96','40'),(3038,'Deniz','AKIN','5070334306','denizakın8@mynet.com','2015-01-19',10,'3','99','8','97','15'),(3039,'Can','OKTAY','5337263980','canoktay53@hotmail.com','2015-01-04',3,'7','93','10','21','25'),(3040,'Berke','İNCE','5069621819','berkeince80@gmail.com','2015-02-26',8,'2','58','50','1','86'),(3041,'Deniz','GÖÇMEN','5465531827','denizgöçmen85@mynet.com','2015-02-23',4,'6','68','40','83','14'),(3042,'Alya','ÇELİK','5050788243','alyaçelik91@windowslive.com','2015-01-19',7,'5','76','73','63','55'),(3043,'Mustafa','KURU','5069457045','mustafakuru87@outlook.com','2015-02-01',1,'10','49','52','26','78'),(3044,'Beren','HEKİM','5331210593','berenhekim79@gmail.com','2015-02-09',7,'3','20','18','12','94'),(3045,'Emine','ÇELİK','5338184805','emineçelik84@yandex.com','2015-01-21',10,'4','2','19','97','44'),(3046,'Samet','SEVER','5333782294','sametsever80@windowslive.com','2015-01-18',9,'8','56','44','76','22'),(3047,'Berra','ILICALI','5462685216','berraılıcalı43@hotmail.com','2015-02-02',11,'10','24','3','28','36'),(3048,'Berke','SUNA','5330859250','berkesuna46@outlook.com','2015-02-20',5,'5','40','80','14','87'),(3049,'Yağız','ÇELİK','5333433601','yağızçelik83@yandex.com','2015-02-27',4,'10','40','13','63','22'),(3050,'Selin','SÖZER','5330430721','selinsözer8@windowslive.com','2015-02-26',6,'6','87','38','50','83'),(3051,'Enes','YILDIRIM','5337781770','enesyıldırım9@windowslive.com','2015-01-22',11,'10','0','5','20','4'),(3052,'Yağız','ER','5539690186','yağızer1@windowslive.com','2015-02-02',10,'4','62','73','78','16'),(3053,'Kağan','HEKİM','5320135475','kağanhekim75@yandex.com','2015-01-14',8,'9','55','32','63','79'),(3054,'Utku','YILMAZ','5464842763','utkuyılmaz34@windowslive.com','2015-02-22',4,'1','96','14','35','2'),(3055,'Emre','ÖZTEKİN','5060023176','emreöztekin63@yandex.com','2015-01-24',2,'6','46','65','88','42'),(3056,'Zeynep','SÖZER','5535387416','zeynepsözer45@hotmail.com','2015-01-06',1,'3','43','41','83','36'),(3057,'Çağan','ACAR','5079949246','çağanacar2@yandex.com','2015-02-14',11,'3','67','52','74','31'),(3058,'Kayra','ŞAFAK','5060015713','kayraşafak3@yandex.com','2015-02-18',9,'6','21','0','95','81'),(3059,'Kağan','ILIK','5077758272','kağanılık41@hotmail.com','2015-02-09',11,'1','6','24','59','56'),(3060,'Zeynep','DEMİR','5059350838','zeynepdemir31@outlook.com','2015-02-24',6,'10','50','77','94','55'),(3061,'Selin','OKTAY','5531835663','selinoktay20@gmail.com','2015-02-08',2,'1','26','16','52','87'),(3062,'Selin','GÜZEL','5067541341','selingüzel11@yandex.com','2015-02-09',10,'3','78','11','62','95'),(3063,'Burak','ILICALI','5076160456','burakılıcalı69@gmail.com','2015-02-17',1,'7','97','66','66','21'),(3064,'Mert','KURU','5358283483','mertkuru57@windowslive.com','2015-02-26',6,'9','69','90','28','11'),(3065,'Kerem','ÖZTEKİN','5526101613','keremöztekin9@hotmail.com','2015-01-07',6,'4','16','84','24','70'),(3066,'Yağız','SEVER','5461909574','yağızsever49@hotmail.com','2015-01-23',4,'3','70','61','83','5'),(3067,'Ceren','SUNA','5356943207','cerensuna69@mynet.com','2015-02-26',7,'7','1','56','8','37'),(3068,'Ece','SAĞLAM','5322096609','ecesağlam48@windowslive.com','2015-02-17',4,'1','25','61','49','85'),(3069,'Görkem','SEVER','5073871934','görkemsever49@yandex.com','2015-02-05',6,'2','68','82','36','11'),(3070,'Yağız','ER','5072578132','yağızer49@hotmail.com','2015-02-08',7,'3','60','31','53','86'),(3071,'Simay','MERT','5357309185','simaymert83@mynet.com','2015-02-02',11,'2','33','84','6','70'),(3072,'Arda','ACAR','5066560042','ardaacar72@gmail.com','2015-02-11',6,'8','13','30','65','59'),(3073,'Nisa','SERİN','5055855024','nisaserin45@windowslive.com','2015-02-18',6,'6','13','3','40','59'),(3074,'Eren','ILIK','5538004787','erenılık59@windowslive.com','2015-02-22',5,'4','15','60','56','61'),(3075,'Burak','SEVER','5358326523','buraksever10@hotmail.com','2015-01-26',1,'7','68','86','91','6'),(3076,'Emre','MERT','5349058032','emremert1@windowslive.com','2015-01-03',6,'10','3','3','90','8'),(3077,'Deniz','ÇELİK','5469163913','denizçelik46@gmail.com','2015-01-09',7,'7','98','76','88','85'),(3078,'Selin','SÖZER','5461580131','selinsözer18@hotmail.com','2015-01-02',1,'7','54','96','84','99'),(3079,'Beren','ÖZTEKİN','5533255365','berenöztekin25@hotmail.com','2015-01-01',8,'10','42','91','88','41'),(3080,'Batuhan','ÇETİN','5520674326','batuhançetin55@yandex.com','2015-02-04',2,'2','4','47','95','37'),(3081,'Ege','MERT','5061163843','egemert58@mynet.com','2015-01-01',2,'3','11','27','1','82'),(3082,'Mert','YILDIRIM','5354062222','mertyıldırım0@gmail.com','2015-02-26',11,'10','64','70','49','64'),(3083,'Berke','SEVER','5527001790','berkesever73@yandex.com','2015-01-04',10,'2','26','57','97','77'),(3084,'Eren','METİN','5337307741','erenmetin34@yandex.com','2015-02-05',7,'3','59','38','70','8'),(3085,'Deniz','AKSOY','5324730684','denizaksoy10@windowslive.com','2015-02-24',1,'10','74','97','28','32'),(3086,'Samet','MERT','5056179164','sametmert72@yandex.com','2015-02-07',6,'9','93','60','73','28'),(3087,'Samet','SEVER','5338518594','sametsever58@hotmail.com','2015-02-03',5,'1','80','91','46','70'),(3088,'Nisa','HEKİM','5524952573','nisahekim1@yandex.com','2015-01-22',8,'9','71','85','18','10'),(3089,'Baran','SEVER','5065965796','baransever94@mynet.com','2015-01-13',8,'1','3','31','62','45'),(3090,'Ceren','IŞIK','5537806491','cerenışık88@hotmail.com','2015-02-20',1,'5','2','87','13','11'),(3091,'Yağız','AKIN','5520401241','yağızakın50@mynet.com','2015-01-05',7,'2','1','88','42','5'),(3092,'Samet','ABZAK','5521112863','sametabzak61@outlook.com','2015-01-02',9,'2','28','12','70','19'),(3093,'Ece','AKIN','5529171233','eceakın39@outlook.com','2015-01-03',11,'8','36','31','56','19'),(3094,'Kaan','ABZAK','5069995718','kaanabzak46@hotmail.com','2015-01-27',8,'3','13','10','20','8'),(3095,'Burak','AKSOY','5341517400','burakaksoy81@outlook.com','2015-01-16',7,'9','69','1','27','31'),(3096,'Ahmet','ÖZTEKİN','5322924270','ahmetöztekin88@gmail.com','2015-01-10',4,'3','45','37','64','90'),(3097,'Ahmet','ÇELİK','5054817024','ahmetçelik41@yandex.com','2015-02-02',4,'9','10','74','79','94'),(3098,'Emre','OKTAY','5069194474','emreoktay23@windowslive.com','2015-01-04',3,'1','62','86','70','31'),(3099,'Beren','ŞAFAK','5072626616','berenşafak53@yandex.com','2015-01-10',4,'2','87','64','40','17'),(3100,'Emre','İNCE','5062491869','emreince62@yandex.com','2015-01-11',5,'10','37','63','82','63'),(3101,'Simay','GÖÇMEN','5539342002','simaygöçmen42@mynet.com','2015-01-08',8,'5','73','46','37','67'),(3102,'Sude','YILDIRIM','5072529533','sudeyıldırım71@windowslive.com','2015-02-13',11,'8','98','89','81','20'),(3103,'Emine','ÖZTÜRK','5057906408','emineöztürk79@yandex.com','2015-01-19',4,'10','65','86','29','94'),(3104,'Kayra','DEMİR','5055185901','kayrademir86@gmail.com','2015-01-07',1,'9','93','50','96','24'),(3105,'Görkem','ILICALI','5063032585','görkemılıcalı16@outlook.com','2015-01-08',10,'2','40','38','78','89'),(3106,'Berk','IŞIK','5536746083','berkışık20@outlook.com','2015-02-13',3,'1','11','92','35','65'),(3107,'Kaan','İNCE','5342087898','kaanince86@mynet.com','2015-01-20',9,'2','63','34','78','62'),(3108,'Nisa','ER','5349295994','nisaer8@yandex.com','2015-02-17',9,'8','55','99','15','63'),(3109,'Kağan','YILDIRIM','5054291639','kağanyıldırım4@hotmail.com','2015-01-22',7,'2','88','18','47','52'),(3110,'Kağan','YILMAZ','5358602390','kağanyılmaz80@windowslive.com','2015-02-11',3,'1','41','34','17','12'),(3111,'Arda','METİN','5535826395','ardametin11@outlook.com','2015-02-10',6,'3','49','21','83','98'),(3112,'Emine','GÜZEL','5354536672','eminegüzel97@mynet.com','2015-01-23',7,'1','30','62','55','0'),(3113,'Kaan','SUNA','5535300284','kaansuna19@outlook.com','2015-01-11',9,'9','25','54','51','99'),(3114,'Beren','DEMİR','5329046341','berendemir95@yandex.com','2015-02-03',1,'7','78','44','37','99'),(3115,'Berra','SEVER','5526261769','berrasever18@outlook.com','2015-02-08',7,'4','65','91','88','7'),(3116,'Sena','SUNA','5467959832','senasuna80@hotmail.com','2015-01-08',7,'4','75','94','21','49'),(3117,'Ceren','ÖZTEKİN','5520347985','cerenöztekin45@yandex.com','2015-02-01',1,'1','41','15','0','59'),(3118,'Selin','ÖZTEKİN','5350514821','selinöztekin14@yandex.com','2015-01-20',10,'6','54','49','96','38'),(3119,'Deniz','ABZAK','5527024525','denizabzak43@mynet.com','2015-01-04',7,'1','4','68','6','18'),(3120,'Arda','ER','5348733719','ardaer70@gmail.com','2015-01-20',3,'7','84','77','61','3'),(3121,'Kaan','SÖZER','5071379172','kaansözer30@mynet.com','2015-02-19',5,'5','59','67','90','8'),(3122,'Sena','OKTAY','5357174284','senaoktay1@windowslive.com','2015-02-12',6,'3','60','81','48','97'),(3123,'Yağız','ABZAK','5355394796','yağızabzak97@gmail.com','2015-01-04',11,'7','93','97','60','47'),(3124,'Selin','ORMAN','5338757661','selinorman32@yandex.com','2015-02-18',11,'10','64','42','45','0'),(3125,'Çağan','ABZAK','5520582670','çağanabzak90@gmail.com','2015-01-21',6,'7','24','32','67','76'),(3126,'Zeynep','ER','5321347563','zeyneper31@mynet.com','2015-02-08',4,'10','51','59','76','68'),(3127,'Çağan','YILDIRIM','5335536742','çağanyıldırım82@mynet.com','2015-01-06',2,'9','87','14','71','24'),(3128,'Samet','SERT','5331494271','sametsert11@hotmail.com','2015-02-11',5,'2','88','64','43','13'),(3129,'Selin','SEVER','5056033321','selinsever66@windowslive.com','2015-02-24',7,'3','84','85','63','73'),(3130,'Samet','YILMAZ','5076316079','sametyılmaz48@yandex.com','2015-02-09',5,'4','5','76','14','40'),(3131,'Sena','ER','5326292437','senaer89@gmail.com','2015-02-20',1,'10','23','52','30','16'),(3132,'Emine','SUNA','5331619807','eminesuna30@mynet.com','2015-02-27',3,'10','36','53','6','43'),(3133,'Emine','HEKİM','5329289638','eminehekim60@hotmail.com','2015-01-11',3,'7','49','78','73','77'),(3134,'Sarp','HEKİM','5328657910','sarphekim56@outlook.com','2015-02-12',11,'5','35','40','11','97'),(3135,'Berra','SAĞLAM','5065289211','berrasağlam30@gmail.com','2015-02-26',4,'10','31','38','22','6'),(3136,'Melis','ÇETİN','5078155841','melisçetin91@windowslive.com','2015-02-16',3,'6','20','94','90','39'),(3137,'Yağız','AKSOY','5069332156','yağızaksoy97@outlook.com','2015-02-18',3,'7','35','86','8','41'),(3138,'Ece','GÖÇMEN','5072942374','ecegöçmen84@yandex.com','2015-02-12',9,'3','66','22','46','3'),(3139,'Mina','SERT','5072971568','minasert15@mynet.com','2015-02-16',8,'2','92','89','38','81'),(3140,'Mina','SERİN','5070236528','minaserin12@yandex.com','2015-02-04',5,'8','54','79','67','71'),(3141,'Çağan','SUNA','5073777534','çağansuna51@gmail.com','2015-02-14',5,'3','70','80','47','80'),(3142,'Sarp','YILDIRIM','5078616980','sarpyıldırım37@gmail.com','2015-02-25',9,'9','83','45','47','95'),(3143,'Nisa','DEMİR','5064762083','nisademir20@outlook.com','2015-01-12',5,'5','29','57','96','99'),(3144,'Elisa','OYNAR','5340376062','elisaoynar4@outlook.com','2015-01-18',11,'3','14','45','98','40'),(3145,'Mustafa','ACAR','5325895174','mustafaacar7@outlook.com','2015-02-21',2,'3','75','17','93','54'),(3146,'Selin','DEMİR','5325636851','selindemir98@hotmail.com','2015-01-21',5,'4','64','67','18','33'),(3147,'Ege','OYNAR','5321135513','egeoynar97@outlook.com','2015-02-11',11,'1','89','59','69','64'),(3148,'Mustafa','GÜZEL','5343448711','mustafagüzel29@mynet.com','2015-01-24',8,'9','8','37','23','3'),(3149,'Baran','ORMAN','5072438168','baranorman74@gmail.com','2015-01-11',3,'5','95','30','65','76'),(3150,'Alya','SAĞLAM','5070353430','alyasağlam42@mynet.com','2015-02-18',11,'6','52','46','9','50'),(3151,'Kerem','AKSOY','5078097625','keremaksoy58@mynet.com','2015-02-15',8,'4','36','87','4','38'),(3152,'Ali','ORMAN','5337591638','aliorman39@mynet.com','2015-01-25',2,'2','64','12','95','22'),(3153,'Selin','OYNAR','5462430604','selinoynar21@windowslive.com','2015-01-11',10,'6','73','72','54','52'),(3154,'Berke','ILICALI','5060823970','berkeılıcalı52@outlook.com','2015-01-24',3,'7','42','79','1','1'),(3155,'Batuhan','AKSOY','5077184675','batuhanaksoy61@yandex.com','2015-01-11',5,'4','30','34','12','20'),(3156,'Burak','DEMİR','5336631626','burakdemir87@outlook.com','2015-02-10',9,'4','98','11','50','2'),(3157,'Elisa','KURU','5469998831','elisakuru33@hotmail.com','2015-02-12',7,'3','83','48','43','75'),(3158,'Çağan','AKSOY','5359670469','çağanaksoy86@windowslive.com','2015-02-09',3,'4','61','93','20','6'),(3159,'Kağan','ÖZTÜRK','5358690031','kağanöztürk2@hotmail.com','2015-02-27',4,'2','78','46','65','53'),(3160,'Yağız','ÇETİN','5333679458','yağızçetin51@hotmail.com','2015-01-09',2,'3','10','10','78','37'),(3161,'Batuhan','SÖZER','5058270610','batuhansözer96@yandex.com','2015-01-25',4,'3','77','53','75','89'),(3162,'Simay','ÇELİK','5061837391','simayçelik92@gmail.com','2015-02-19',2,'8','1','12','40','8'),(3163,'Emre','ORMAN','5522240534','emreorman66@outlook.com','2015-02-12',3,'9','75','30','94','7'),(3164,'Ahmet','ILICALI','5061562139','ahmetılıcalı58@yandex.com','2015-01-25',2,'5','56','3','86','47'),(3165,'Zeynep','ŞAFAK','5355610588','zeynepşafak23@windowslive.com','2015-02-09',8,'10','57','91','22','44'),(3166,'Kayra','ORMAN','5469292358','kayraorman30@gmail.com','2015-01-17',7,'5','81','96','18','0'),(3167,'Emre','ŞAFAK','5345808188','emreşafak50@windowslive.com','2015-01-22',7,'4','50','24','65','74'),(3168,'Emre','SERT','5071492447','emresert6@windowslive.com','2015-02-06',5,'4','32','53','71','58'),(3169,'Melis','DEMİR','5077605783','melisdemir50@hotmail.com','2015-02-23',1,'8','29','47','18','66'),(3170,'Ceren','SEVER','5060020283','cerensever74@windowslive.com','2015-02-20',4,'4','18','77','3','53'),(3171,'Nisa','DEMİR','5057303969','nisademir6@mynet.com','2015-01-18',5,'7','2','71','85','95'),(3172,'Samet','SEVER','5468814603','sametsever81@yandex.com','2015-01-21',11,'10','52','70','91','67'),(3173,'Çağan','IŞIK','5530262286','çağanışık4@hotmail.com','2015-01-08',2,'7','67','64','23','70'),(3174,'Ahmet','AKIN','5357093331','ahmetakın78@yandex.com','2015-01-07',4,'9','42','6','70','25'),(3175,'Berke','SAĞLAM','5350670343','berkesağlam19@yandex.com','2015-01-01',7,'3','22','60','87','68'),(3176,'Sena','SAĞLAM','5528121330','senasağlam38@mynet.com','2015-02-26',3,'2','96','71','88','52'),(3177,'Sena','SERİN','5464091371','senaserin81@gmail.com','2015-02-22',9,'5','95','69','91','55'),(3178,'Baran','GÖÇMEN','5052429199','barangöçmen18@windowslive.com','2015-01-09',8,'4','53','12','4','50'),(3179,'Neva','ÇETİN','5534379088','nevaçetin79@hotmail.com','2015-02-01',10,'8','42','35','1','12'),(3180,'Ali','SERİN','5523214052','aliserin38@gmail.com','2015-01-14',7,'3','72','77','0','6'),(3181,'Deniz','ILIK','5352363053','denizılık71@outlook.com','2015-02-04',6,'5','27','97','94','70'),(3182,'Zeynep','GÜZEL','5063431980','zeynepgüzel21@hotmail.com','2015-01-27',6,'4','29','78','74','44'),(3183,'Deniz','OKTAY','5461779985','denizoktay12@yandex.com','2015-02-11',7,'8','93','33','33','49'),(3184,'Deniz','ÇETİN','5539985215','denizçetin20@yandex.com','2015-02-03',4,'9','41','47','92','53'),(3185,'Mina','DEMİR','5356666783','minademir13@mynet.com','2015-02-24',4,'10','10','65','54','6'),(3186,'Elisa','AKSOY','5520149875','elisaaksoy31@mynet.com','2015-01-12',1,'2','72','52','22','87'),(3187,'Yağız','OYNAR','5538969404','yağızoynar47@windowslive.com','2015-02-12',9,'5','0','5','26','80'),(3188,'Sena','YILDIRIM','5522678637','senayıldırım81@gmail.com','2015-02-03',1,'2','86','52','71','17'),(3189,'Kerem','ILIK','5526810284','keremılık22@mynet.com','2015-02-17',3,'3','14','46','19','48'),(3190,'Zeynep','SERİN','5529251256','zeynepserin52@gmail.com','2015-02-10',5,'10','4','53','58','87'),(3191,'Mert','ÇETİN','5520630666','mertçetin70@gmail.com','2015-01-09',10,'7','33','13','53','33'),(3192,'Burak','DEMİR','5074249206','burakdemir95@mynet.com','2015-02-27',11,'7','25','40','91','61'),(3193,'Ece','YILDIRIM','5524931097','eceyıldırım24@mynet.com','2015-01-05',7,'1','17','13','91','14'),(3194,'Arda','SAĞLAM','5065630379','ardasağlam41@windowslive.com','2015-02-05',6,'2','45','18','50','46'),(3195,'Emre','OKTAY','5342681176','emreoktay98@mynet.com','2015-01-10',11,'1','17','70','33','89'),(3196,'Mustafa','METİN','5350353660','mustafametin40@hotmail.com','2015-02-09',3,'6','75','68','49','87'),(3197,'Kaan','ACAR','5075815326','kaanacar94@yandex.com','2015-02-02',3,'1','75','88','63','1'),(3198,'Selin','OYNAR','5055822264','selinoynar39@yandex.com','2015-01-15',5,'2','82','90','50','74'),(3199,'Berke','DEMİR','5321352226','berkedemir83@outlook.com','2015-01-26',2,'5','66','29','67','21'),(3200,'Mustafa','SEVER','5333625565','mustafasever65@outlook.com','2015-02-07',5,'1','83','40','48','1'),(3201,'Elisa','OKTAY','5466932323','elisaoktay41@hotmail.com','2015-02-27',11,'3','18','56','52','9'),(3202,'Yağız','DEMİR','5359835477','yağızdemir57@windowslive.com','2015-02-04',1,'5','86','18','5','89'),(3203,'Baran','ACAR','5348996687','baranacar20@outlook.com','2015-02-17',5,'7','37','7','50','42'),(3204,'Samet','ER','5067875941','sameter74@outlook.com','2015-02-02',1,'4','35','25','77','80'),(3205,'Beren','GÖÇMEN','5321446371','berengöçmen46@windowslive.com','2015-01-17',5,'4','91','67','31','21'),(3206,'Görkem','SUNA','5533374398','görkemsuna12@yandex.com','2015-01-19',4,'1','96','93','31','41'),(3207,'Mert','ÖZTÜRK','5073053348','mertöztürk38@outlook.com','2015-01-05',3,'7','28','74','63','80'),(3208,'Ahmet','ÖZTEKİN','5534649140','ahmetöztekin70@hotmail.com','2015-02-22',1,'3','24','53','61','24'),(3209,'Mina','AKSOY','5464982643','minaaksoy75@hotmail.com','2015-01-12',2,'8','99','57','5','66'),(3210,'Kayra','AKIN','5522794932','kayraakın8@yandex.com','2015-01-23',6,'2','3','3','7','14'),(3211,'Utku','ILICALI','5329318269','utkuılıcalı89@yandex.com','2015-01-27',6,'5','0','73','10','45'),(3212,'Ege','AKSOY','5054079242','egeaksoy79@outlook.com','2015-01-27',11,'7','82','44','32','49'),(3213,'Neva','SÖZER','5350496633','nevasözer45@yandex.com','2015-01-08',5,'3','71','93','3','50'),(3214,'Sena','OKTAY','5060262658','senaoktay90@windowslive.com','2015-01-23',3,'3','23','59','45','29'),(3215,'Berra','DEMİR','5531559239','berrademir28@yandex.com','2015-01-24',1,'8','52','98','79','72'),(3216,'Samet','AKSOY','5345380392','sametaksoy59@mynet.com','2015-01-16',11,'1','5','58','91','65'),(3217,'Mert','YILDIRIM','5348552171','mertyıldırım40@gmail.com','2015-02-03',5,'9','47','74','38','50'),(3218,'Ceren','ÇETİN','5338198574','cerençetin52@outlook.com','2015-01-01',5,'2','46','90','5','12'),(3219,'Sarp','SERT','5070516977','sarpsert33@windowslive.com','2015-02-10',5,'9','92','94','22','12'),(3220,'Melis','YILMAZ','5342608302','melisyılmaz42@mynet.com','2015-02-11',5,'2','65','17','68','56'),(3221,'Görkem','SUNA','5065337617','görkemsuna76@yandex.com','2015-02-16',6,'3','23','84','51','18'),(3222,'Can','ER','5534668781','caner81@windowslive.com','2015-01-21',7,'1','71','54','33','15'),(3223,'Emre','GÜZEL','5051811135','emregüzel75@outlook.com','2015-02-15',5,'4','54','18','27','73'),(3224,'Enes','ACAR','5462742243','enesacar10@gmail.com','2015-01-07',2,'1','2','54','24','18'),(3225,'Melis','AKSOY','5345695611','melisaksoy25@outlook.com','2015-01-09',10,'4','49','82','96','29'),(3226,'Melis','ÖZTÜRK','5529339572','melisöztürk63@yandex.com','2015-01-07',2,'5','17','38','10','35'),(3227,'Sena','HEKİM','5534845629','senahekim96@outlook.com','2015-01-03',8,'10','80','94','81','63'),(3228,'Alya','SUNA','5350429230','alyasuna29@hotmail.com','2015-02-08',6,'5','8','53','27','9'),(3229,'Berk','IŞIK','5077688485','berkışık92@yandex.com','2015-02-25',5,'9','8','67','96','16'),(3230,'Kerem','ABZAK','5056133013','keremabzak79@yandex.com','2015-02-17',6,'9','4','34','7','2'),(3231,'Sena','GÖÇMEN','5057666143','senagöçmen81@yandex.com','2015-02-23',10,'8','15','61','86','20'),(3232,'Melis','SÖZER','5524221781','melissözer55@outlook.com','2015-02-07',8,'8','4','94','3','29'),(3233,'Elisa','METİN','5348627049','elisametin34@yandex.com','2015-01-09',8,'7','98','34','31','46'),(3234,'Ege','ACAR','5331291538','egeacar20@yandex.com','2015-02-11',11,'1','82','85','88','3'),(3235,'Selin','SÖZER','5340800076','selinsözer24@windowslive.com','2015-01-08',7,'4','53','66','57','64'),(3236,'Eren','ÇELİK','5075066875','erençelik15@hotmail.com','2015-01-05',7,'4','4','96','31','41'),(3237,'Baran','ÖZTEKİN','5346028227','baranöztekin37@windowslive.com','2015-01-11',8,'8','94','64','79','30'),(3238,'Arda','DEMİR','5058902798','ardademir77@gmail.com','2015-02-16',10,'5','7','33','8','41'),(3239,'Nisa','İNCE','5529402843','nisaince70@yandex.com','2015-02-21',9,'2','76','91','11','72'),(3240,'Yağız','SÖZER','5538199457','yağızsözer16@hotmail.com','2015-02-12',2,'5','99','18','69','58'),(3241,'Simay','ORMAN','5463605385','simayorman4@hotmail.com','2015-02-26',8,'6','58','55','39','26'),(3242,'Eren','ILIK','5533949268','erenılık53@mynet.com','2015-02-09',8,'1','41','51','23','80'),(3243,'Azra','ÇELİK','5323670307','azraçelik0@outlook.com','2015-02-08',10,'6','84','33','50','89'),(3244,'Arda','HEKİM','5358968653','ardahekim35@gmail.com','2015-02-23',5,'10','2','58','96','52'),(3245,'Nisa','AKIN','5068065192','nisaakın70@mynet.com','2015-02-09',1,'6','22','53','36','59'),(3246,'Ali','ACAR','5326274575','aliacar13@windowslive.com','2015-01-21',6,'10','85','1','1','77'),(3247,'Utku','İNCE','5352887520','utkuince36@mynet.com','2015-02-16',6,'8','12','45','44','55'),(3248,'Görkem','IŞIK','5059950617','görkemışık72@outlook.com','2015-01-06',1,'9','19','60','79','17'),(3249,'Kağan','AKIN','5063309618','kağanakın59@windowslive.com','2015-02-27',2,'1','98','69','18','44'),(3250,'Selin','ÇETİN','5330152001','selinçetin58@hotmail.com','2015-02-24',1,'2','48','69','12','64'),(3251,'Kerem','ÇELİK','5066850557','keremçelik59@windowslive.com','2015-01-19',1,'9','20','78','36','92'),(3252,'Selin','AKSOY','5466985071','selinaksoy74@gmail.com','2015-02-09',2,'10','41','50','15','16'),(3253,'Simay','SUNA','5329651831','simaysuna4@yandex.com','2015-02-11',8,'10','52','31','15','82'),(3254,'Selin','ÖZTÜRK','5052904943','selinöztürk3@windowslive.com','2015-02-25',2,'3','50','45','73','50'),(3255,'Selin','GÜZEL','5336429812','selingüzel58@windowslive.com','2015-02-15',8,'10','36','1','15','88'),(3256,'Nisa','OYNAR','5522158809','nisaoynar83@mynet.com','2015-01-04',4,'1','37','43','48','71'),(3257,'Nisa','ABZAK','5345922337','nisaabzak65@gmail.com','2015-01-22',11,'7','23','39','72','62'),(3258,'Mert','SEVER','5347212586','mertsever22@yandex.com','2015-01-18',9,'6','69','95','43','62'),(3259,'Neva','ÇELİK','5525183533','nevaçelik64@gmail.com','2015-02-02',3,'5','32','20','60','57'),(3260,'Ali','ILICALI','5532147677','aliılıcalı47@outlook.com','2015-02-22',9,'1','63','85','88','15'),(3261,'Can','ORMAN','5463161474','canorman5@gmail.com','2015-02-11',4,'4','61','77','29','52'),(3262,'Ece','İNCE','5464124168','eceince50@windowslive.com','2015-02-25',1,'4','10','16','53','85'),(3263,'Utku','SERT','5535395243','utkusert5@yandex.com','2015-01-26',8,'5','98','72','88','14'),(3264,'Melis','ILIK','5334553289','melisılık75@gmail.com','2015-01-14',9,'2','15','36','26','30'),(3265,'Arda','MERT','5469890082','ardamert40@hotmail.com','2015-02-23',11,'7','13','77','9','32'),(3266,'Azra','ÇELİK','5338428517','azraçelik94@mynet.com','2015-02-08',5,'10','86','74','64','36'),(3267,'Mina','AKIN','5321118697','minaakın28@yandex.com','2015-02-18',6,'10','38','55','54','2'),(3268,'Sude','SAĞLAM','5348120069','sudesağlam25@mynet.com','2015-02-25',9,'10','4','66','76','23'),(3269,'Ali','ÖZTÜRK','5323389192','aliöztürk54@outlook.com','2015-02-11',1,'3','93','61','91','93'),(3270,'Mustafa','KURU','5463952939','mustafakuru47@gmail.com','2015-01-15',2,'7','18','99','71','22'),(3271,'Mustafa','MERT','5357032730','mustafamert77@hotmail.com','2015-01-12',9,'9','44','2','44','31'),(3272,'Samet','SUNA','5055746304','sametsuna24@mynet.com','2015-02-11',10,'6','71','19','61','39'),(3273,'Berra','SEVER','5525029095','berrasever16@gmail.com','2015-02-01',11,'2','4','60','86','63'),(3274,'Ali','SERİN','5069517082','aliserin12@yandex.com','2015-02-27',6,'9','48','25','85','13'),(3275,'Yağız','AKIN','5050597241','yağızakın42@windowslive.com','2015-02-05',6,'1','40','64','52','12'),(3276,'Sarp','ÇETİN','5321463971','sarpçetin40@hotmail.com','2015-01-01',11,'8','20','68','58','40'),(3277,'Berk','DEMİR','5539638084','berkdemir29@windowslive.com','2015-01-02',4,'9','8','51','45','10'),(3278,'Ali','SUNA','5338955030','alisuna59@gmail.com','2015-02-05',10,'4','23','73','57','3'),(3279,'Batuhan','ILIK','5467059053','batuhanılık3@yandex.com','2015-02-05',2,'7','89','50','19','73'),(3280,'Mina','ACAR','5521688816','minaacar55@windowslive.com','2015-02-23',2,'6','91','6','49','31'),(3281,'Ege','OKTAY','5352877584','egeoktay6@windowslive.com','2015-01-11',6,'8','33','36','3','99'),(3282,'Emir','ER','5468978428','emirer64@mynet.com','2015-01-22',5,'5','90','74','45','83'),(3283,'Kayra','ER','5350783714','kayraer91@windowslive.com','2015-01-02',4,'2','54','53','12','64'),(3284,'Emir','ÖZTÜRK','5331158154','emiröztürk12@gmail.com','2015-01-20',7,'6','76','98','9','88'),(3285,'Ali','SEVER','5526843309','alisever76@windowslive.com','2015-02-13',1,'7','40','46','79','87'),(3286,'Eren','ILIK','5357960336','erenılık34@outlook.com','2015-01-19',5,'7','85','50','2','47'),(3287,'Ali','SAĞLAM','5353866992','alisağlam78@gmail.com','2015-01-11',6,'2','51','24','97','48'),(3288,'Berra','GÜZEL','5324946952','berragüzel58@gmail.com','2015-01-16',5,'2','79','84','47','70'),(3289,'Mina','ÇETİN','5534103303','minaçetin9@yandex.com','2015-01-17',7,'1','1','42','8','81'),(3290,'Emine','ÖZTEKİN','5350150905','emineöztekin48@mynet.com','2015-01-13',5,'2','41','1','97','68'),(3291,'Enes','OYNAR','5069707517','enesoynar70@mynet.com','2015-02-27',3,'10','65','92','41','26'),(3292,'Mert','SÖZER','5464421759','mertsözer59@outlook.com','2015-01-25',5,'6','16','5','48','41'),(3293,'Emre','ER','5326377628','emreer86@mynet.com','2015-02-19',8,'3','8','45','11','70'),(3294,'Sena','ŞAFAK','5520123349','senaşafak90@mynet.com','2015-01-04',1,'3','56','39','61','99'),(3295,'Mert','YILMAZ','5536788714','mertyılmaz8@yandex.com','2015-01-17',3,'1','25','45','36','4'),(3296,'Eren','ÖZTEKİN','5461862685','erenöztekin73@hotmail.com','2015-01-12',1,'10','76','86','80','71'),(3297,'Samet','ÖZTEKİN','5331463255','sametöztekin3@windowslive.com','2015-01-22',1,'2','7','88','63','76'),(3298,'Neva','AKSOY','5070076597','nevaaksoy35@hotmail.com','2015-02-21',5,'9','35','48','90','72'),(3299,'Melis','ŞAFAK','5326703896','melisşafak42@windowslive.com','2015-02-16',2,'4','17','72','10','7'),(3300,'Neva','SUNA','5528970407','nevasuna3@mynet.com','2015-01-25',2,'4','21','72','55','42'),(3301,'Ege','ŞAFAK','5351406731','egeşafak98@outlook.com','2015-02-07',5,'7','54','58','31','41'),(3302,'Simay','ŞAFAK','5067458288','simayşafak49@gmail.com','2015-02-22',4,'3','85','66','38','3'),(3303,'Azra','ÇETİN','5071947948','azraçetin83@windowslive.com','2015-02-04',5,'6','22','96','67','86'),(3304,'Ege','OYNAR','5327057684','egeoynar15@gmail.com','2015-01-04',4,'3','10','80','7','38'),(3305,'Selin','İNCE','5052140989','selinince11@yandex.com','2015-02-18',7,'8','89','51','32','71'),(3306,'Melis','ÇELİK','5461245363','melisçelik12@yandex.com','2015-01-07',8,'10','94','12','27','24'),(3307,'Çağan','SEVER','5532552179','çağansever20@mynet.com','2015-02-09',3,'5','46','58','99','11'),(3308,'Yağız','ŞAFAK','5467605141','yağızşafak64@windowslive.com','2015-01-23',6,'10','8','26','36','25'),(3309,'Kayra','SÖZER','5053210737','kayrasözer34@yandex.com','2015-02-10',10,'3','34','4','94','3'),(3310,'Arda','ABZAK','5358515878','ardaabzak72@outlook.com','2015-01-10',2,'9','9','43','35','76'),(3311,'Baran','ÇETİN','5527490515','barançetin39@mynet.com','2015-02-02',8,'4','47','31','72','39'),(3312,'Emir','SEVER','5354035821','emirsever20@windowslive.com','2015-02-03',1,'4','73','80','98','60'),(3313,'Kağan','SERT','5078095933','kağansert24@hotmail.com','2015-01-18',6,'9','83','31','27','83'),(3314,'Mert','ÇETİN','5527942521','mertçetin70@mynet.com','2015-01-22',3,'5','88','33','7','28'),(3315,'Yağız','ILICALI','5530198714','yağızılıcalı98@gmail.com','2015-01-03',11,'9','65','79','7','91'),(3316,'Can','YILMAZ','5077723675','canyılmaz25@yandex.com','2015-01-22',2,'7','40','54','75','85'),(3317,'Emine','ŞAFAK','5526612311','emineşafak60@mynet.com','2015-01-26',6,'3','31','74','72','46'),(3318,'Emre','SAĞLAM','5529584928','emresağlam34@hotmail.com','2015-01-03',6,'6','68','96','8','42'),(3319,'Ece','SEVER','5528177331','ecesever6@outlook.com','2015-02-15',7,'1','96','37','58','14'),(3320,'Nisa','SAĞLAM','5354454102','nisasağlam79@windowslive.com','2015-02-05',5,'1','83','64','1','77'),(3321,'Sude','ŞAFAK','5051595031','sudeşafak23@yandex.com','2015-01-22',11,'7','81','16','13','13'),(3322,'Azra','AKSOY','5342095557','azraaksoy41@yandex.com','2015-01-03',8,'9','70','45','4','21'),(3323,'Arda','SUNA','5074623657','ardasuna50@hotmail.com','2015-01-25',8,'8','47','3','32','19'),(3324,'Emre','GÖÇMEN','5050560170','emregöçmen81@yandex.com','2015-02-18',6,'2','95','61','31','64'),(3325,'Batuhan','SAĞLAM','5355249834','batuhansağlam6@mynet.com','2015-02-20',4,'5','3','5','96','97'),(3326,'Emine','ÖZTÜRK','5534673665','emineöztürk37@yandex.com','2015-02-02',4,'4','6','83','49','83'),(3327,'Ege','METİN','5333107840','egemetin35@hotmail.com','2015-01-02',8,'3','62','48','78','26'),(3328,'Burak','OYNAR','5462255759','burakoynar10@mynet.com','2015-02-26',7,'8','71','95','4','17'),(3329,'Utku','METİN','5338508368','utkumetin52@gmail.com','2015-02-13',1,'5','5','0','90','57'),(3330,'Elisa','ORMAN','5060809590','elisaorman49@mynet.com','2015-02-16',8,'1','59','59','88','30'),(3331,'Enes','ABZAK','5320048445','enesabzak11@outlook.com','2015-02-04',5,'8','40','78','19','68'),(3332,'Mert','ÇETİN','5468400934','mertçetin57@hotmail.com','2015-02-16',8,'1','61','98','7','57'),(3333,'Görkem','ÇELİK','5328798180','görkemçelik40@gmail.com','2015-01-15',6,'10','95','69','84','59'),(3334,'Azra','IŞIK','5323281868','azraışık53@gmail.com','2015-02-05',9,'2','12','51','63','93'),(3335,'Alya','MERT','5353258424','alyamert0@mynet.com','2015-01-13',9,'8','93','80','93','65'),(3336,'Alya','AKIN','5324549919','alyaakın61@yandex.com','2015-01-01',11,'3','70','28','13','9'),(3337,'Ali','DEMİR','5053249253','alidemir78@hotmail.com','2015-01-09',5,'2','9','54','87','51'),(3338,'Görkem','ILICALI','5526061197','görkemılıcalı76@mynet.com','2015-01-21',8,'9','0','57','71','70'),(3339,'Sena','ÇETİN','5338715284','senaçetin21@hotmail.com','2015-02-01',2,'8','49','11','25','98'),(3340,'Sarp','ÇETİN','5070464438','sarpçetin68@windowslive.com','2015-01-13',2,'5','82','20','17','51'),(3341,'Ali','HEKİM','5520183017','alihekim94@yandex.com','2015-02-10',1,'3','22','51','68','45'),(3342,'Görkem','YILDIRIM','5073543099','görkemyıldırım44@mynet.com','2015-02-01',8,'4','87','3','78','88'),(3343,'Kayra','ILIK','5329801272','kayraılık25@hotmail.com','2015-02-05',10,'9','70','22','99','33'),(3344,'Elisa','ILICALI','5070769299','elisaılıcalı7@hotmail.com','2015-02-07',9,'5','13','65','23','59'),(3345,'Enes','ILICALI','5331082708','enesılıcalı25@yandex.com','2015-01-14',9,'2','72','0','64','78'),(3346,'Çağan','SUNA','5069361591','çağansuna10@yandex.com','2015-01-01',6,'9','31','14','38','71'),(3347,'Sena','SEVER','5328524387','senasever13@gmail.com','2015-02-16',8,'4','93','23','95','62'),(3348,'Mustafa','ILICALI','5070832713','mustafaılıcalı76@gmail.com','2015-01-04',3,'4','39','97','95','87'),(3349,'Emir','ABZAK','5331027271','emirabzak84@gmail.com','2015-02-27',8,'9','17','50','76','99'),(3350,'Berk','ÖZTEKİN','5535677351','berköztekin20@windowslive.com','2015-01-02',5,'4','19','92','76','68'),(3351,'Samet','ÇETİN','5063650423','sametçetin83@hotmail.com','2015-02-19',6,'6','1','1','68','77'),(3352,'Deniz','GÖÇMEN','5332049894','denizgöçmen7@outlook.com','2015-02-17',2,'2','49','52','38','4'),(3353,'Deniz','SÖZER','5530992005','denizsözer80@outlook.com','2015-01-16',6,'1','73','64','42','66'),(3354,'Elisa','OYNAR','5057341305','elisaoynar46@windowslive.com','2015-02-02',5,'8','30','15','80','84'),(3355,'Emine','ÇETİN','5525631876','emineçetin74@hotmail.com','2015-02-15',3,'8','78','41','69','84'),(3356,'Kayra','ER','5465765547','kayraer65@gmail.com','2015-02-13',1,'2','73','72','6','32'),(3357,'Eren','DEMİR','5465815776','erendemir10@windowslive.com','2015-02-12',6,'9','77','94','5','55'),(3358,'Kaan','ILIK','5334857575','kaanılık53@windowslive.com','2015-01-18',4,'5','44','34','59','94'),(3359,'Selin','SERT','5536317453','selinsert3@hotmail.com','2015-01-01',6,'5','47','95','10','15'),(3360,'Ece','SEVER','5469104654','ecesever85@windowslive.com','2015-02-07',8,'7','76','96','17','0'),(3361,'Arda','ORMAN','5353284814','ardaorman91@outlook.com','2015-01-02',7,'2','89','65','61','72'),(3362,'Kayra','SAĞLAM','5330853571','kayrasağlam67@windowslive.com','2015-02-26',10,'9','4','72','36','55'),(3363,'Eren','ÇETİN','5327279265','erençetin78@mynet.com','2015-02-15',7,'5','13','44','27','96'),(3364,'Arda','ÇELİK','5067199688','ardaçelik77@hotmail.com','2015-02-01',11,'3','95','19','93','53'),(3365,'Sena','MERT','5054639235','senamert21@windowslive.com','2015-01-23',4,'5','86','67','96','99'),(3366,'Ali','ABZAK','5065050082','aliabzak2@gmail.com','2015-01-10',11,'2','56','38','61','39'),(3367,'Arda','YILDIRIM','5524736105','ardayıldırım97@outlook.com','2015-02-14',4,'2','17','47','80','15'),(3368,'Beren','ILICALI','5320192038','berenılıcalı25@hotmail.com','2015-01-18',6,'5','33','24','54','9'),(3369,'Berra','GÜZEL','5466441165','berragüzel27@windowslive.com','2015-01-11',4,'4','49','34','66','74'),(3370,'Neva','ÖZTEKİN','5337236483','nevaöztekin20@mynet.com','2015-01-20',6,'6','31','56','56','99'),(3371,'Emir','SUNA','5335904716','emirsuna14@yandex.com','2015-01-03',9,'7','48','42','94','97'),(3372,'Emre','KURU','5077223032','emrekuru89@hotmail.com','2015-01-04',5,'4','35','57','5','21'),(3373,'Çağan','SERİN','5075228039','çağanserin19@hotmail.com','2015-02-20',11,'5','37','10','49','53'),(3374,'Çağan','DEMİR','5060089605','çağandemir76@yandex.com','2015-02-12',1,'6','10','32','15','22'),(3375,'Alya','METİN','5327474006','alyametin9@gmail.com','2015-02-16',3,'5','22','23','36','74'),(3376,'Emir','ÇETİN','5077004386','emirçetin23@outlook.com','2015-01-22',11,'8','68','18','78','18'),(3377,'Neva','ÇELİK','5358023028','nevaçelik13@mynet.com','2015-01-20',8,'5','0','84','73','90'),(3378,'Berke','OYNAR','5522308032','berkeoynar45@yandex.com','2015-02-03',8,'6','89','88','2','38'),(3379,'Deniz','SERT','5539578975','denizsert20@windowslive.com','2015-01-13',9,'8','10','77','62','96'),(3380,'Mert','ÖZTEKİN','5320506958','mertöztekin24@mynet.com','2015-02-01',4,'1','84','0','95','85'),(3381,'Ahmet','SEVER','5469701943','ahmetsever69@gmail.com','2015-01-19',2,'3','6','68','41','93'),(3382,'Kerem','YILDIRIM','5463625061','keremyıldırım5@mynet.com','2015-01-24',2,'8','2','78','80','69'),(3383,'Kerem','ABZAK','5469227010','keremabzak25@hotmail.com','2015-01-15',9,'3','12','19','89','99'),(3384,'Batuhan','HEKİM','5520444316','batuhanhekim79@windowslive.com','2015-01-06',8,'6','69','48','59','12'),(3385,'Ece','ÇETİN','5525081824','eceçetin80@windowslive.com','2015-01-26',6,'3','88','68','95','10'),(3386,'Emre','ILICALI','5070048200','emreılıcalı63@hotmail.com','2015-01-20',11,'2','31','15','54','66'),(3387,'Selin','SAĞLAM','5320125743','selinsağlam43@hotmail.com','2015-02-27',7,'6','79','93','20','64'),(3388,'Kerem','ÇELİK','5465369690','keremçelik96@hotmail.com','2015-01-09',3,'3','20','7','15','13'),(3389,'Görkem','İNCE','5338964535','görkemince85@yandex.com','2015-02-11',1,'4','58','15','67','61'),(3390,'Batuhan','DEMİR','5055289262','batuhandemir95@hotmail.com','2015-02-10',3,'10','19','6','6','60'),(3391,'Alya','SEVER','5534657554','alyasever4@hotmail.com','2015-01-17',11,'2','66','24','88','68'),(3392,'Nisa','YILDIRIM','5466885312','nisayıldırım16@windowslive.com','2015-01-26',10,'6','28','53','32','15'),(3393,'Simay','OKTAY','5342049576','simayoktay46@windowslive.com','2015-01-21',2,'4','45','14','92','81'),(3394,'Burak','AKIN','5520305227','burakakın75@mynet.com','2015-01-20',4,'10','96','11','64','79'),(3395,'Selin','ORMAN','5328105922','selinorman12@yandex.com','2015-01-03',11,'3','62','72','56','24'),(3396,'Çağan','MERT','5356002161','çağanmert78@windowslive.com','2015-01-06',6,'8','23','80','90','62'),(3397,'Kağan','DEMİR','5538849887','kağandemir10@windowslive.com','2015-01-17',1,'7','85','27','49','24'),(3398,'Beren','ILICALI','5328727081','berenılıcalı97@hotmail.com','2015-01-14',2,'10','31','87','72','63'),(3399,'Emre','ACAR','5064599765','emreacar47@windowslive.com','2015-02-09',1,'6','54','40','30','37'),(3400,'Baran','ILIK','5336194353','baranılık54@hotmail.com','2015-02-05',3,'10','10','71','66','29'),(3401,'Zeynep','SERİN','5539041724','zeynepserin17@mynet.com','2015-01-20',1,'7','15','78','41','86'),(3402,'Alya','OYNAR','5348990566','alyaoynar90@outlook.com','2015-02-27',4,'4','98','12','46','82'),(3403,'Alya','ABZAK','5525524515','alyaabzak80@mynet.com','2015-01-12',4,'4','25','35','28','67'),(3404,'Mustafa','SÖZER','5338364547','mustafasözer82@yandex.com','2015-02-27',11,'2','17','82','56','8'),(3405,'Elisa','DEMİR','5050039197','elisademir88@outlook.com','2015-01-01',9,'2','12','85','55','79'),(3406,'Berra','DEMİR','5539951467','berrademir61@hotmail.com','2015-02-27',5,'10','16','59','40','55'),(3407,'Alya','GÜZEL','5323352279','alyagüzel47@gmail.com','2015-01-20',11,'7','83','56','31','31'),(3408,'Kerem','ÖZTEKİN','5347591728','keremöztekin46@gmail.com','2015-01-03',1,'5','36','2','9','41'),(3409,'Berra','MERT','5346736820','berramert57@yandex.com','2015-02-27',3,'1','3','66','42','99'),(3410,'Zeynep','SERT','5534131412','zeynepsert27@yandex.com','2015-02-08',2,'1','48','55','3','31'),(3411,'Kaan','ŞAFAK','5357031889','kaanşafak16@yandex.com','2015-02-26',11,'8','61','95','27','94'),(3412,'Can','ÖZTEKİN','5359953950','canöztekin76@hotmail.com','2015-02-17',10,'7','43','11','46','4'),(3413,'Ceren','OYNAR','5351482054','cerenoynar98@mynet.com','2015-01-10',11,'6','7','13','81','21'),(3414,'Kaan','SERT','5461440459','kaansert32@mynet.com','2015-01-21',3,'4','90','65','2','29'),(3415,'Melis','YILDIRIM','5534858373','melisyıldırım67@yandex.com','2015-02-13',7,'3','63','40','4','88'),(3416,'Burak','SÖZER','5527135092','buraksözer26@yandex.com','2015-01-27',7,'4','27','31','2','69'),(3417,'Selin','ÇELİK','5332313125','selinçelik29@mynet.com','2015-01-04',1,'8','2','28','68','31'),(3418,'Baran','IŞIK','5353636686','baranışık8@windowslive.com','2015-01-03',7,'9','16','16','44','63'),(3419,'Sena','METİN','5347359277','senametin59@outlook.com','2015-02-07',11,'1','8','64','49','44'),(3420,'Görkem','ÇELİK','5064323475','görkemçelik72@windowslive.com','2015-01-27',7,'2','90','61','92','46'),(3421,'Neva','MERT','5055169171','nevamert37@mynet.com','2015-01-23',2,'10','6','9','1','30'),(3422,'Mert','YILMAZ','5052826162','mertyılmaz37@gmail.com','2015-02-26',8,'3','81','99','94','56'),(3423,'Görkem','SERT','5531305576','görkemsert76@gmail.com','2015-02-11',6,'8','98','31','16','77'),(3424,'Samet','OKTAY','5334655401','sametoktay53@outlook.com','2015-01-25',5,'1','5','37','42','67'),(3425,'Berra','AKSOY','5526125296','berraaksoy47@mynet.com','2015-01-09',4,'2','24','24','71','71'),(3426,'Beren','DEMİR','5527392596','berendemir89@gmail.com','2015-01-27',6,'8','89','12','74','69'),(3427,'Ahmet','ÇELİK','5530473152','ahmetçelik75@yandex.com','2015-02-12',8,'3','33','26','64','24'),(3428,'Azra','ÖZTEKİN','5063398074','azraöztekin63@yandex.com','2015-01-13',9,'7','53','4','6','71'),(3429,'Emine','ACAR','5534367834','emineacar94@yandex.com','2015-01-01',3,'6','7','91','70','95'),(3430,'Emre','AKSOY','5330225561','emreaksoy26@outlook.com','2015-01-24',4,'9','35','32','16','38'),(3431,'Nisa','SÖZER','5343954157','nisasözer82@outlook.com','2015-02-22',11,'1','8','25','46','26'),(3432,'Neva','METİN','5336863991','nevametin97@hotmail.com','2015-02-03',10,'4','57','3','17','82'),(3433,'Sude','OKTAY','5356418446','sudeoktay87@gmail.com','2015-02-07',1,'4','13','15','96','4'),(3434,'Kağan','ORMAN','5530035251','kağanorman52@hotmail.com','2015-01-16',7,'9','69','58','53','48'),(3435,'Melis','ÇELİK','5345074092','melisçelik96@yandex.com','2015-02-15',7,'10','79','84','20','28'),(3436,'Eren','SERİN','5537443199','erenserin19@mynet.com','2015-01-25',2,'7','50','38','42','99'),(3437,'Ali','IŞIK','5343067717','aliışık61@hotmail.com','2015-02-17',11,'3','22','10','85','54'),(3438,'Ece','ÖZTEKİN','5339746639','eceöztekin41@hotmail.com','2015-01-03',8,'6','51','39','54','6'),(3439,'Neva','OKTAY','5521054569','nevaoktay92@hotmail.com','2015-02-18',6,'9','50','31','92','75'),(3440,'Selin','ILICALI','5334852166','selinılıcalı69@gmail.com','2015-01-17',10,'10','47','54','79','85'),(3441,'Azra','OYNAR','5525012646','azraoynar93@gmail.com','2015-02-06',2,'5','18','72','19','38'),(3442,'Kağan','METİN','5323015927','kağanmetin92@hotmail.com','2015-01-17',11,'5','43','29','45','86'),(3443,'Selin','ÇETİN','5330107080','selinçetin91@outlook.com','2015-02-20',9,'3','56','15','54','63'),(3444,'Mina','IŞIK','5324261270','minaışık92@yandex.com','2015-02-05',2,'3','36','25','80','84'),(3445,'Emir','ŞAFAK','5533633131','emirşafak52@mynet.com','2015-01-11',11,'3','14','4','66','75'),(3446,'Ahmet','ACAR','5521400933','ahmetacar13@mynet.com','2015-02-26',7,'2','94','82','88','19'),(3447,'Çağan','YILMAZ','5532447102','çağanyılmaz82@outlook.com','2015-01-02',6,'3','40','59','49','70'),(3448,'Selin','DEMİR','5349093931','selindemir25@mynet.com','2015-01-04',9,'1','75','30','41','74'),(3449,'Mustafa','MERT','5052727368','mustafamert78@mynet.com','2015-01-01',9,'2','67','42','65','41'),(3450,'Çağan','IŞIK','5526562137','çağanışık28@yandex.com','2015-01-09',8,'8','33','47','68','78'),(3451,'Sarp','OKTAY','5522109002','sarpoktay36@outlook.com','2015-01-24',3,'10','35','54','53','0'),(3452,'Kayra','ACAR','5462083253','kayraacar15@yandex.com','2015-02-10',9,'6','41','71','72','19'),(3453,'Berra','AKIN','5326215603','berraakın17@mynet.com','2015-02-13',9,'2','62','84','27','88'),(3454,'Elisa','SÖZER','5347663992','elisasözer33@windowslive.com','2015-01-08',8,'8','52','2','31','35'),(3455,'Alya','SEVER','5331680558','alyasever28@gmail.com','2015-02-06',5,'9','3','77','39','61'),(3456,'Emre','DEMİR','5460950242','emredemir60@hotmail.com','2015-01-02',11,'6','85','57','59','32'),(3457,'Berk','OYNAR','5349859149','berkoynar92@outlook.com','2015-01-05',2,'9','14','90','14','95'),(3458,'Can','ACAR','5520074062','canacar80@mynet.com','2015-01-08',5,'6','46','38','9','86'),(3459,'Kayra','ABZAK','5054131227','kayraabzak51@mynet.com','2015-01-10',8,'1','41','44','38','68'),(3460,'Berra','OYNAR','5341678942','berraoynar66@mynet.com','2015-02-05',1,'10','29','60','42','77'),(3461,'Berke','İNCE','5534955832','berkeince34@outlook.com','2015-02-23',10,'1','92','44','15','91'),(3462,'Alya','ABZAK','5348497603','alyaabzak57@windowslive.com','2015-02-16',3,'9','90','32','78','51'),(3463,'Emir','KURU','5534456508','emirkuru40@gmail.com','2015-01-07',6,'3','27','36','56','83'),(3464,'Deniz','MERT','5530828852','denizmert15@hotmail.com','2015-01-21',1,'8','91','81','11','60'),(3465,'Emine','İNCE','5332190215','emineince0@windowslive.com','2015-01-25',3,'6','65','76','55','39'),(3466,'Beren','YILMAZ','5350731524','berenyılmaz31@yandex.com','2015-02-05',5,'1','0','94','1','73'),(3467,'Enes','GÖÇMEN','5532478441','enesgöçmen72@windowslive.com','2015-02-14',5,'7','91','7','79','98'),(3468,'Ali','ACAR','5069946397','aliacar17@windowslive.com','2015-01-04',9,'2','77','50','28','47'),(3469,'Sena','AKSOY','5076478226','senaaksoy40@mynet.com','2015-02-01',3,'6','99','67','35','79'),(3470,'Eren','ILIK','5533834587','erenılık92@hotmail.com','2015-01-26',9,'3','61','53','78','0'),(3471,'Beren','OYNAR','5343637702','berenoynar41@outlook.com','2015-01-15',3,'8','86','32','28','7'),(3472,'Utku','ÖZTEKİN','5359801930','utkuöztekin9@windowslive.com','2015-02-21',9,'10','8','30','72','50'),(3473,'Utku','ÇELİK','5330318115','utkuçelik22@yandex.com','2015-01-18',2,'2','3','75','60','15'),(3474,'Sarp','DEMİR','5338663093','sarpdemir19@outlook.com','2015-02-03',7,'10','74','32','69','80'),(3475,'Emine','HEKİM','5537863389','eminehekim83@mynet.com','2015-02-05',6,'6','80','25','63','33'),(3476,'Baran','IŞIK','5529198952','baranışık50@mynet.com','2015-02-08',8,'2','64','83','13','8'),(3477,'Can','GÖÇMEN','5533641818','cangöçmen73@windowslive.com','2015-01-20',10,'5','65','99','59','14'),(3478,'Sarp','ILIK','5329097131','sarpılık47@mynet.com','2015-02-26',11,'8','57','24','40','12'),(3479,'Sude','SERT','5338191515','sudesert16@hotmail.com','2015-02-12',6,'1','26','53','44','27'),(3480,'Burak','SÖZER','5071043095','buraksözer17@outlook.com','2015-01-10',8,'5','9','97','39','40'),(3481,'Emre','SEVER','5061516095','emresever4@windowslive.com','2015-01-10',2,'2','47','59','86','50'),(3482,'Nisa','SERT','5338514640','nisasert73@yandex.com','2015-02-08',5,'10','26','71','85','48'),(3483,'Neva','ER','5077625006','nevaer48@yandex.com','2015-02-08',2,'5','83','6','50','27'),(3484,'Emre','SÖZER','5536554998','emresözer48@hotmail.com','2015-02-12',1,'9','83','13','14','86'),(3485,'Samet','MERT','5321474959','sametmert27@windowslive.com','2015-02-16',3,'9','88','67','37','20'),(3486,'Emre','METİN','5356064498','emremetin46@outlook.com','2015-02-11',7,'4','35','19','77','32'),(3487,'Berk','SERİN','5320849964','berkserin88@yandex.com','2015-01-07',2,'9','1','42','96','85'),(3488,'Burak','ILICALI','5468616307','burakılıcalı32@mynet.com','2015-02-05',9,'2','95','48','20','93'),(3489,'Arda','GÜZEL','5359675636','ardagüzel25@hotmail.com','2015-01-02',1,'6','67','81','17','41'),(3490,'Emre','YILDIRIM','5075300666','emreyıldırım56@gmail.com','2015-02-19',10,'1','11','62','41','49'),(3491,'Emre','ILIK','5065599011','emreılık13@gmail.com','2015-01-17',11,'5','38','16','78','83'),(3492,'Elisa','ÇELİK','5468920383','elisaçelik28@hotmail.com','2015-02-14',5,'3','88','36','73','56'),(3493,'Selin','ÖZTÜRK','5469255575','selinöztürk63@hotmail.com','2015-02-06',7,'1','93','97','76','21'),(3494,'Zeynep','HEKİM','5066154028','zeynephekim56@windowslive.com','2015-02-23',2,'7','42','81','88','8'),(3495,'Batuhan','ÇETİN','5462693739','batuhançetin35@yandex.com','2015-01-17',1,'8','32','81','48','32'),(3496,'Nisa','KURU','5357361731','nisakuru93@windowslive.com','2015-01-09',1,'7','34','68','44','2'),(3497,'Emre','SÖZER','5461234828','emresözer43@mynet.com','2015-02-08',11,'4','49','87','18','68'),(3498,'Beren','ABZAK','5538196726','berenabzak3@hotmail.com','2015-02-04',10,'9','67','71','79','36'),(3499,'Arda','SERT','5320619550','ardasert30@windowslive.com','2015-02-26',6,'3','87','24','71','51'),(3500,'Ceren','ÇELİK','5076398308','cerençelik48@windowslive.com','2015-02-12',8,'8','53','65','0','76'),(3501,'Baran','GÜZEL','5339546648','barangüzel80@windowslive.com','2015-02-07',2,'4','43','68','73','97'),(3502,'Azra','ER','5057943449','azraer82@mynet.com','2015-02-05',2,'6','40','1','3','57'),(3503,'Kerem','OYNAR','5355429381','keremoynar14@mynet.com','2015-01-21',10,'3','42','60','62','91'),(3504,'Alya','OKTAY','5346825906','alyaoktay35@hotmail.com','2015-01-19',8,'8','87','37','60','80'),(3505,'Samet','METİN','5524934523','sametmetin97@windowslive.com','2015-02-20',11,'3','84','66','49','73'),(3506,'Beren','DEMİR','5337443631','berendemir24@windowslive.com','2015-02-25',8,'1','61','64','90','61'),(3507,'Ceren','HEKİM','5060052492','cerenhekim78@yandex.com','2015-02-19',10,'3','70','74','10','69'),(3508,'Azra','ILICALI','5468316440','azraılıcalı36@mynet.com','2015-01-25',4,'8','29','88','33','69'),(3509,'Selin','ILICALI','5342090243','selinılıcalı97@yandex.com','2015-01-09',1,'9','7','19','60','43'),(3510,'Beren','IŞIK','5332234261','berenışık70@gmail.com','2015-01-20',10,'8','17','28','57','39'),(3511,'Sena','ÖZTÜRK','5524252333','senaöztürk4@outlook.com','2015-01-05',4,'6','89','50','69','43'),(3512,'Mina','ILICALI','5073567354','minaılıcalı65@hotmail.com','2015-02-25',4,'7','18','7','3','3'),(3513,'Arda','SUNA','5331110747','ardasuna31@mynet.com','2015-01-02',1,'4','55','50','19','51'),(3514,'Mina','YILDIRIM','5462380339','minayıldırım4@mynet.com','2015-01-07',2,'10','23','49','87','32'),(3515,'Neva','IŞIK','5522874921','nevaışık51@yandex.com','2015-01-11',8,'9','16','9','86','29'),(3516,'Zeynep','ÖZTÜRK','5520793082','zeynepöztürk96@gmail.com','2015-01-05',9,'2','91','31','60','73'),(3517,'Berra','HEKİM','5529629665','berrahekim47@hotmail.com','2015-01-01',11,'1','10','11','23','45'),(3518,'Batuhan','ÖZTEKİN','5461220455','batuhanöztekin15@yandex.com','2015-01-26',9,'7','6','50','80','64'),(3519,'Melis','SUNA','5071887511','melissuna33@windowslive.com','2015-02-27',4,'2','93','62','42','12'),(3520,'Enes','SEVER','5520467578','enessever76@gmail.com','2015-02-27',10,'9','39','91','8','71'),(3521,'Berk','İNCE','5324549348','berkince85@gmail.com','2015-02-16',6,'7','7','29','21','0'),(3522,'Azra','SAĞLAM','5320183404','azrasağlam84@hotmail.com','2015-02-02',1,'3','84','63','22','24'),(3523,'Burak','DEMİR','5331527719','burakdemir45@windowslive.com','2015-01-23',3,'5','40','38','21','33'),(3524,'Emine','ABZAK','5065502567','emineabzak27@outlook.com','2015-02-08',4,'8','56','23','50','3'),(3525,'Kayra','METİN','5357814501','kayrametin36@gmail.com','2015-01-08',11,'5','16','99','25','21'),(3526,'Utku','ÖZTÜRK','5346021592','utkuöztürk83@yandex.com','2015-01-04',10,'6','70','28','32','62'),(3527,'Arda','ÇETİN','5521042397','ardaçetin87@mynet.com','2015-02-27',4,'10','77','5','66','52'),(3528,'Berk','ÇELİK','5079633079','berkçelik46@outlook.com','2015-02-17',6,'4','68','26','25','73'),(3529,'Baran','ER','5461255107','baraner5@hotmail.com','2015-01-16',5,'4','92','49','54','47'),(3530,'Utku','ÇELİK','5461996428','utkuçelik23@yandex.com','2015-01-15',9,'2','74','61','85','53'),(3531,'Simay','ACAR','5330032529','simayacar45@yandex.com','2015-02-21',4,'6','77','32','38','71'),(3532,'Utku','SEVER','5066194792','utkusever70@windowslive.com','2015-01-06',2,'7','25','65','20','9'),(3533,'Emir','YILDIRIM','5053841699','emiryıldırım57@outlook.com','2015-02-25',10,'6','94','90','75','62'),(3534,'Görkem','ÇETİN','5353799923','görkemçetin50@yandex.com','2015-02-10',5,'3','59','70','89','68'),(3535,'Berra','ÇELİK','5530685906','berraçelik7@gmail.com','2015-01-23',6,'7','48','91','13','50'),(3536,'Ege','SUNA','5337245110','egesuna92@windowslive.com','2015-02-20',2,'6','20','28','67','46'),(3537,'Enes','ORMAN','5462310101','enesorman13@hotmail.com','2015-02-17',5,'9','52','2','75','78'),(3538,'Beren','İNCE','5074356245','berenince19@gmail.com','2015-01-02',3,'9','88','18','11','73'),(3539,'Deniz','MERT','5351818964','denizmert55@outlook.com','2015-01-22',11,'7','45','50','75','58'),(3540,'Baran','OKTAY','5524116622','baranoktay12@outlook.com','2015-01-07',9,'4','33','69','53','22'),(3541,'Emir','ACAR','5528913321','emiracar26@gmail.com','2015-02-05',2,'9','72','19','37','50'),(3542,'Ceren','METİN','5326041554','cerenmetin72@windowslive.com','2015-01-20',4,'5','13','6','51','29'),(3543,'Ece','ILICALI','5056468108','eceılıcalı23@hotmail.com','2015-01-17',5,'9','57','94','84','27'),(3544,'Emre','İNCE','5352206546','emreince63@yandex.com','2015-01-13',4,'6','36','5','72','14'),(3545,'Ege','YILDIRIM','5054224840','egeyıldırım24@yandex.com','2015-01-23',8,'2','13','21','81','79'),(3546,'Burak','AKIN','5320537270','burakakın52@yandex.com','2015-01-15',1,'7','92','40','62','19'),(3547,'Utku','MERT','5078216111','utkumert35@hotmail.com','2015-01-03',9,'3','70','62','0','0'),(3548,'Görkem','DEMİR','5320428216','görkemdemir76@windowslive.com','2015-02-24',4,'10','69','28','70','76'),(3549,'Azra','ŞAFAK','5058881943','azraşafak28@hotmail.com','2015-02-16',2,'8','30','19','65','36'),(3550,'Eren','DEMİR','5465086399','erendemir75@gmail.com','2015-02-23',6,'10','5','42','44','15'),(3551,'Samet','YILDIRIM','5063787312','sametyıldırım44@outlook.com','2015-02-19',2,'7','89','56','31','91'),(3552,'Görkem','ILICALI','5460289613','görkemılıcalı31@yandex.com','2015-01-04',8,'1','29','74','26','25'),(3553,'Ceren','OKTAY','5460401524','cerenoktay2@yandex.com','2015-01-16',3,'3','26','5','48','77'),(3554,'Kaan','ABZAK','5535762456','kaanabzak66@gmail.com','2015-01-25',7,'3','50','74','97','48'),(3555,'Selin','IŞIK','5341161837','selinışık13@gmail.com','2015-01-15',5,'6','64','23','85','47'),(3556,'Ahmet','YILMAZ','5058869938','ahmetyılmaz53@gmail.com','2015-01-07',9,'9','3','34','51','22'),(3557,'Neva','GÜZEL','5339875839','nevagüzel36@gmail.com','2015-02-25',8,'10','46','78','50','34'),(3558,'Elisa','SÖZER','5524866574','elisasözer21@windowslive.com','2015-02-05',2,'6','10','77','4','4'),(3559,'Emir','SÖZER','5056911793','emirsözer1@windowslive.com','2015-01-13',6,'5','68','20','71','76'),(3560,'Deniz','HEKİM','5074733043','denizhekim44@yandex.com','2015-02-12',3,'10','83','23','56','53'),(3561,'Ece','ÇELİK','5521897592','eceçelik59@hotmail.com','2015-01-17',7,'7','38','65','65','83'),(3562,'Alya','IŞIK','5336194249','alyaışık31@gmail.com','2015-02-17',6,'5','65','22','53','50'),(3563,'Simay','SÖZER','5067453128','simaysözer26@mynet.com','2015-01-19',4,'8','39','67','67','43'),(3564,'Mina','YILMAZ','5065065035','minayılmaz25@windowslive.com','2015-02-04',1,'4','42','19','30','59'),(3565,'Berra','ABZAK','5322396271','berraabzak78@outlook.com','2015-02-10',1,'4','20','77','25','79'),(3566,'Samet','OYNAR','5522840418','sametoynar69@outlook.com','2015-01-04',5,'1','22','69','88','10'),(3567,'Selin','ÖZTÜRK','5462542391','selinöztürk73@windowslive.com','2015-01-05',3,'9','47','40','31','81'),(3568,'Ceren','GÜZEL','5359762162','cerengüzel32@hotmail.com','2015-01-05',10,'9','71','46','65','20'),(3569,'Utku','DEMİR','5349986655','utkudemir20@outlook.com','2015-02-25',3,'10','35','43','8','11'),(3570,'Ece','HEKİM','5072523870','ecehekim5@yandex.com','2015-01-24',9,'3','80','22','90','23'),(3571,'Baran','SUNA','5340598855','baransuna77@mynet.com','2015-02-26',11,'9','1','13','14','98'),(3572,'Mina','OKTAY','5051086554','minaoktay9@windowslive.com','2015-01-05',5,'9','82','70','71','76'),(3573,'Sude','KURU','5345617168','sudekuru54@mynet.com','2015-01-12',2,'5','24','92','95','66'),(3574,'Kağan','OKTAY','5524836278','kağanoktay46@yandex.com','2015-01-20',1,'1','77','29','3','50'),(3575,'Sude','GÜZEL','5060982348','sudegüzel85@windowslive.com','2015-01-23',6,'9','22','88','82','35'),(3576,'Sude','SEVER','5325605459','sudesever3@hotmail.com','2015-02-26',8,'1','13','30','55','34'),(3577,'Neva','ILIK','5344145744','nevaılık16@hotmail.com','2015-01-25',1,'5','71','65','2','52'),(3578,'Ahmet','YILMAZ','5462937537','ahmetyılmaz41@mynet.com','2015-01-12',7,'1','17','98','62','33'),(3579,'Azra','SERİN','5524386125','azraserin39@gmail.com','2015-01-20',11,'4','61','10','12','46'),(3580,'Sarp','AKIN','5463998585','sarpakın88@yandex.com','2015-02-13',1,'5','38','60','98','36'),(3581,'Kerem','SÖZER','5060965057','keremsözer23@gmail.com','2015-02-25',2,'6','86','72','3','80'),(3582,'Kağan','YILDIRIM','5349611738','kağanyıldırım32@mynet.com','2015-01-16',9,'10','4','95','2','12'),(3583,'Ece','İNCE','5345055311','eceince38@windowslive.com','2015-02-20',1,'8','83','32','54','98'),(3584,'Azra','ÖZTÜRK','5071485072','azraöztürk34@gmail.com','2015-02-26',9,'5','89','73','48','28'),(3585,'Selin','YILMAZ','5350425126','selinyılmaz37@outlook.com','2015-02-13',4,'3','65','50','56','64'),(3586,'Ahmet','ŞAFAK','5351856171','ahmetşafak71@hotmail.com','2015-01-12',10,'10','23','55','28','4'),(3587,'Berke','SAĞLAM','5054633301','berkesağlam92@windowslive.com','2015-02-19',1,'5','40','11','39','81'),(3588,'Burak','IŞIK','5327271773','burakışık45@mynet.com','2015-01-23',11,'5','88','53','55','95'),(3589,'Can','ÖZTÜRK','5356452403','canöztürk10@hotmail.com','2015-02-16',9,'8','52','37','80','89'),(3590,'Kaan','GÜZEL','5052362845','kaangüzel54@hotmail.com','2015-01-17',9,'2','51','71','2','12'),(3591,'Emre','ÖZTEKİN','5532060703','emreöztekin89@windowslive.com','2015-01-21',4,'9','40','45','13','88'),(3592,'Elisa','OYNAR','5326543203','elisaoynar98@yandex.com','2015-02-10',1,'7','73','25','83','93'),(3593,'Mustafa','SEVER','5051877011','mustafasever39@windowslive.com','2015-02-16',11,'4','76','41','13','33'),(3594,'Zeynep','SÖZER','5464105990','zeynepsözer82@mynet.com','2015-01-16',3,'1','45','80','65','57'),(3595,'Kerem','ER','5354367564','keremer53@mynet.com','2015-01-13',7,'2','35','9','74','87'),(3596,'Batuhan','OYNAR','5327856832','batuhanoynar74@outlook.com','2015-02-22',4,'4','57','38','32','77'),(3597,'Kayra','SERT','5522970469','kayrasert46@mynet.com','2015-01-25',7,'7','73','65','72','55'),(3598,'Enes','METİN','5468305856','enesmetin31@hotmail.com','2015-02-09',8,'9','30','9','24','11'),(3599,'Enes','SUNA','5531208847','enessuna73@windowslive.com','2015-02-26',8,'7','11','0','43','27'),(3600,'Mert','ORMAN','5322663034','mertorman15@hotmail.com','2015-01-12',5,'4','72','41','19','24'),(3601,'Görkem','OKTAY','5051821562','görkemoktay93@mynet.com','2015-01-23',8,'5','65','64','70','87'),(3602,'Berk','METİN','5349591338','berkmetin35@outlook.com','2015-02-04',4,'2','11','84','18','19'),(3603,'Ali','SEVER','5359275592','alisever47@windowslive.com','2015-02-27',5,'7','74','6','72','50'),(3604,'Mert','ÖZTEKİN','5525882047','mertöztekin92@outlook.com','2015-02-03',2,'10','54','38','53','23'),(3605,'Emre','KURU','5075135294','emrekuru42@hotmail.com','2015-01-12',2,'8','11','69','8','72'),(3606,'Arda','AKIN','5466940145','ardaakın4@yandex.com','2015-02-12',1,'2','22','94','7','69'),(3607,'Samet','GÖÇMEN','5064272601','sametgöçmen4@yandex.com','2015-01-11',2,'7','5','28','77','7'),(3608,'Elisa','ABZAK','5059585086','elisaabzak81@outlook.com','2015-01-25',11,'1','48','35','73','2'),(3609,'Nisa','YILMAZ','5336854003','nisayılmaz83@gmail.com','2015-01-10',5,'6','84','5','92','19'),(3610,'Kayra','SUNA','5332500839','kayrasuna54@hotmail.com','2015-02-08',6,'9','27','85','43','17'),(3611,'Kerem','ACAR','5075083331','keremacar5@hotmail.com','2015-02-22',3,'7','33','85','50','47'),(3612,'Kerem','AKSOY','5060960409','keremaksoy6@windowslive.com','2015-02-08',1,'10','32','5','21','17'),(3613,'Simay','SUNA','5324296576','simaysuna80@yandex.com','2015-01-20',7,'5','97','34','34','18'),(3614,'Kerem','SAĞLAM','5057852314','keremsağlam71@hotmail.com','2015-02-25',11,'5','19','39','49','76'),(3615,'Samet','GÖÇMEN','5462933213','sametgöçmen12@outlook.com','2015-02-08',8,'7','93','4','59','36'),(3616,'Deniz','OKTAY','5064713000','denizoktay60@yandex.com','2015-01-15',3,'10','8','51','21','28'),(3617,'Simay','ABZAK','5324004805','simayabzak79@gmail.com','2015-02-09',3,'9','38','12','76','28'),(3618,'Eren','OYNAR','5533157417','erenoynar7@windowslive.com','2015-02-17',8,'5','24','13','85','78'),(3619,'Burak','ÇELİK','5328714250','burakçelik39@windowslive.com','2015-02-23',2,'9','70','61','16','15'),(3620,'Utku','DEMİR','5056631261','utkudemir70@yandex.com','2015-01-14',5,'10','46','23','19','40'),(3621,'Emine','MERT','5529926161','eminemert88@mynet.com','2015-02-15',4,'5','37','81','33','6'),(3622,'Enes','YILDIRIM','5321602652','enesyıldırım8@mynet.com','2015-01-22',3,'3','15','78','45','54'),(3623,'Ali','IŞIK','5331857615','aliışık64@outlook.com','2015-02-16',7,'10','45','61','66','7'),(3624,'Ege','OKTAY','5537642939','egeoktay7@mynet.com','2015-02-09',1,'1','57','97','5','38'),(3625,'Berke','KURU','5065370448','berkekuru31@mynet.com','2015-01-06',2,'1','12','86','93','61'),(3626,'Ali','SAĞLAM','5324267829','alisağlam31@yandex.com','2015-02-09',8,'1','24','28','59','79'),(3627,'Ahmet','IŞIK','5341407495','ahmetışık60@windowslive.com','2015-01-09',3,'2','24','53','11','59'),(3628,'Melis','ILICALI','5467407149','melisılıcalı2@hotmail.com','2015-02-12',8,'6','74','44','9','12'),(3629,'Beren','IŞIK','5069384495','berenışık64@outlook.com','2015-02-25',6,'2','98','97','14','60'),(3630,'Batuhan','ÇELİK','5073130779','batuhançelik87@outlook.com','2015-01-25',8,'8','13','67','25','26'),(3631,'Ceren','SUNA','5324648488','cerensuna57@yandex.com','2015-02-05',9,'8','61','35','25','57'),(3632,'Ahmet','METİN','5534880839','ahmetmetin68@mynet.com','2015-02-15',6,'8','0','90','96','32'),(3633,'Emir','SÖZER','5537538341','emirsözer46@gmail.com','2015-02-21',8,'9','78','86','32','7'),(3634,'Eren','ABZAK','5345849764','erenabzak6@hotmail.com','2015-01-03',2,'2','31','55','15','23'),(3635,'Arda','ÖZTÜRK','5524575651','ardaöztürk96@hotmail.com','2015-01-23',10,'8','64','66','12','17'),(3636,'Sude','SAĞLAM','5526029935','sudesağlam59@gmail.com','2015-01-23',2,'4','72','94','9','46'),(3637,'Çağan','OKTAY','5066108833','çağanoktay44@windowslive.com','2015-02-07',9,'8','25','40','42','83'),(3638,'Alya','ER','5463450995','alyaer30@outlook.com','2015-02-24',5,'5','46','84','65','71'),(3639,'Ahmet','YILDIRIM','5328634243','ahmetyıldırım87@hotmail.com','2015-01-13',3,'3','16','36','91','18'),(3640,'Deniz','DEMİR','5062467523','denizdemir59@mynet.com','2015-02-23',8,'2','85','36','94','43'),(3641,'Batuhan','YILDIRIM','5534078194','batuhanyıldırım89@yandex.com','2015-01-01',7,'2','4','14','90','75'),(3642,'Kerem','AKSOY','5527729484','keremaksoy34@gmail.com','2015-02-06',2,'8','89','49','9','24'),(3643,'Alya','ILIK','5329123815','alyaılık87@yandex.com','2015-02-09',1,'10','55','63','74','5'),(3644,'Ege','İNCE','5053257265','egeince76@yandex.com','2015-02-10',9,'3','4','28','28','43'),(3645,'Emre','ACAR','5333340682','emreacar81@mynet.com','2015-02-16',11,'9','91','56','61','82'),(3646,'Samet','ACAR','5325503319','sametacar45@windowslive.com','2015-01-02',11,'10','99','64','92','78'),(3647,'Baran','ACAR','5070323225','baranacar81@gmail.com','2015-02-04',9,'9','9','58','2','6'),(3648,'Berk','SÖZER','5463053491','berksözer84@mynet.com','2015-02-14',5,'3','12','16','33','44'),(3649,'Elisa','ER','5528206439','elisaer89@mynet.com','2015-02-26',6,'6','87','98','51','21'),(3650,'Azra','İNCE','5533867262','azraince51@windowslive.com','2015-01-14',1,'9','86','13','90','94'),(3651,'Emre','ÇETİN','5058160280','emreçetin3@windowslive.com','2015-01-17',1,'7','4','42','43','36'),(3652,'Samet','IŞIK','5351433030','sametışık47@yandex.com','2015-02-19',7,'8','71','81','77','57'),(3653,'Baran','KURU','5468882662','barankuru20@outlook.com','2015-02-20',4,'7','20','13','79','92'),(3654,'Kaan','IŞIK','5321067762','kaanışık28@mynet.com','2015-01-25',1,'4','95','36','85','87'),(3655,'Deniz','İNCE','5536390664','denizince48@hotmail.com','2015-01-11',1,'8','19','28','72','58'),(3656,'Ece','SERT','5058425365','ecesert29@mynet.com','2015-02-27',2,'9','87','94','42','99'),(3657,'Burak','İNCE','5465863210','burakince39@outlook.com','2015-01-06',9,'5','35','91','97','2'),(3658,'Görkem','KURU','5524455511','görkemkuru83@hotmail.com','2015-02-22',1,'7','68','33','18','3'),(3659,'Mina','ÖZTEKİN','5358078024','minaöztekin68@windowslive.com','2015-01-15',10,'6','90','3','18','18'),(3660,'Sude','İNCE','5051713724','sudeince43@gmail.com','2015-02-08',6,'1','62','94','45','84'),(3661,'Azra','AKSOY','5357809387','azraaksoy8@mynet.com','2015-01-10',5,'10','61','21','29','2'),(3662,'Ece','ILIK','5336919362','eceılık65@hotmail.com','2015-02-04',4,'7','60','95','95','24'),(3663,'Nisa','AKIN','5539204520','nisaakın11@hotmail.com','2015-02-23',6,'5','91','80','18','71'),(3664,'Sarp','ER','5353332780','sarper69@windowslive.com','2015-01-23',1,'1','45','48','99','96'),(3665,'Mert','IŞIK','5332791619','mertışık4@windowslive.com','2015-01-06',8,'10','14','52','50','10'),(3666,'Emir','METİN','5538213919','emirmetin15@yandex.com','2015-02-02',2,'3','83','55','33','5'),(3667,'Beren','SEVER','5320567505','berensever44@gmail.com','2015-02-17',10,'5','11','48','1','64'),(3668,'Sude','ÖZTÜRK','5466557074','sudeöztürk1@mynet.com','2015-02-13',2,'9','60','42','9','86'),(3669,'Eren','METİN','5067956410','erenmetin78@yandex.com','2015-01-17',1,'3','95','82','0','88'),(3670,'Sude','OYNAR','5070389250','sudeoynar88@outlook.com','2015-01-10',5,'1','59','65','39','83'),(3671,'Ali','YILMAZ','5063915148','aliyılmaz3@gmail.com','2015-01-10',5,'2','57','6','7','40'),(3672,'Batuhan','SÖZER','5340231404','batuhansözer83@mynet.com','2015-01-07',5,'1','12','64','87','29'),(3673,'Samet','ABZAK','5350015381','sametabzak56@yandex.com','2015-01-20',10,'4','91','88','64','25'),(3674,'Nisa','GÜZEL','5074063778','nisagüzel64@hotmail.com','2015-01-23',11,'2','18','67','17','62'),(3675,'Berk','GÖÇMEN','5355947276','berkgöçmen20@mynet.com','2015-02-16',11,'8','81','71','32','18'),(3676,'Can','METİN','5528500192','canmetin7@mynet.com','2015-01-11',7,'6','99','24','25','69'),(3677,'Ali','İNCE','5461554849','aliince25@yandex.com','2015-01-01',6,'1','28','47','75','56'),(3678,'Emir','OYNAR','5350339526','emiroynar78@hotmail.com','2015-02-03',8,'4','70','66','65','20'),(3679,'Emre','SEVER','5334708931','emresever26@gmail.com','2015-02-14',6,'3','14','50','92','84'),(3680,'Emre','ILIK','5352956895','emreılık3@mynet.com','2015-01-04',5,'3','55','89','89','21'),(3681,'Emine','HEKİM','5074301875','eminehekim93@gmail.com','2015-01-17',8,'7','39','53','59','89'),(3682,'Sena','SAĞLAM','5347606576','senasağlam21@hotmail.com','2015-01-15',9,'6','96','62','85','5'),(3683,'Melis','AKIN','5531220329','melisakın8@yandex.com','2015-01-13',10,'3','40','50','96','25'),(3684,'Kayra','SEVER','5079007920','kayrasever32@windowslive.com','2015-02-22',11,'2','11','10','90','71'),(3685,'Baran','SUNA','5339555198','baransuna78@windowslive.com','2015-02-01',6,'3','67','62','57','32'),(3686,'Emir','ÇETİN','5338411653','emirçetin15@outlook.com','2015-01-08',7,'6','60','71','78','67'),(3687,'Çağan','MERT','5072829988','çağanmert69@yandex.com','2015-02-04',1,'2','82','9','61','20'),(3688,'Elisa','SERT','5537019879','elisasert27@windowslive.com','2015-01-20',5,'7','7','26','18','45'),(3689,'Sarp','SERİN','5351966123','sarpserin88@mynet.com','2015-01-22',5,'7','66','1','65','40'),(3690,'Çağan','AKIN','5063560003','çağanakın73@mynet.com','2015-01-12',7,'3','60','56','46','86'),(3691,'Azra','ÖZTÜRK','5359257093','azraöztürk70@mynet.com','2015-02-11',6,'3','45','69','8','52'),(3692,'Berra','ACAR','5337211126','berraacar89@windowslive.com','2015-02-03',2,'9','36','87','12','80'),(3693,'Emre','OKTAY','5531995341','emreoktay38@hotmail.com','2015-01-18',3,'10','84','46','28','18'),(3694,'Mina','GÖÇMEN','5321053697','minagöçmen87@hotmail.com','2015-01-06',4,'8','40','5','15','5'),(3695,'Berra','SERİN','5334622601','berraserin43@windowslive.com','2015-02-20',4,'6','78','68','20','4'),(3696,'Beren','YILMAZ','5535478732','berenyılmaz8@mynet.com','2015-01-03',1,'2','57','37','90','81'),(3697,'Beren','GÜZEL','5326185154','berengüzel31@windowslive.com','2015-01-26',2,'3','77','83','44','6'),(3698,'Çağan','MERT','5334046354','çağanmert64@hotmail.com','2015-01-10',5,'10','50','54','37','73'),(3699,'Görkem','OKTAY','5061165901','görkemoktay79@windowslive.com','2015-01-26',9,'9','56','73','21','19'),(3700,'Selin','ILICALI','5526534969','selinılıcalı97@outlook.com','2015-01-27',7,'1','82','13','32','14'),(3701,'Samet','YILMAZ','5534114641','sametyılmaz63@windowslive.com','2015-01-02',5,'10','59','6','66','7'),(3702,'Berke','OKTAY','5324108445','berkeoktay87@gmail.com','2015-01-22',5,'5','99','54','27','34'),(3703,'Arda','ÖZTEKİN','5344392635','ardaöztekin61@hotmail.com','2015-01-12',3,'3','3','10','32','78'),(3704,'Emine','YILDIRIM','5461890570','emineyıldırım32@hotmail.com','2015-02-01',8,'1','37','28','82','96'),(3705,'Elisa','ŞAFAK','5323339824','elisaşafak98@gmail.com','2015-01-16',5,'9','77','34','78','32'),(3706,'Kerem','İNCE','5467448978','keremince72@yandex.com','2015-01-11',1,'4','48','95','10','14'),(3707,'Alya','SEVER','5056166994','alyasever21@hotmail.com','2015-01-22',3,'6','77','37','89','62'),(3708,'Alya','ÖZTEKİN','5539139668','alyaöztekin56@gmail.com','2015-01-01',9,'1','80','19','54','87'),(3709,'Emine','ABZAK','5342119310','emineabzak67@windowslive.com','2015-01-27',6,'1','9','15','70','39'),(3710,'Ali','ACAR','5466737481','aliacar51@mynet.com','2015-02-14',2,'4','98','62','95','7'),(3711,'Sarp','IŞIK','5079724411','sarpışık17@hotmail.com','2015-02-18',1,'2','92','1','83','9'),(3712,'Neva','OKTAY','5522620721','nevaoktay19@mynet.com','2015-01-18',2,'5','12','82','15','38'),(3713,'Kağan','ILICALI','5467628629','kağanılıcalı21@gmail.com','2015-01-07',11,'6','22','24','60','98'),(3714,'Neva','SERT','5050005983','nevasert9@yandex.com','2015-01-20',9,'3','46','94','53','95'),(3715,'Burak','OKTAY','5522905741','burakoktay77@hotmail.com','2015-02-20',5,'2','69','64','47','57'),(3716,'Elisa','SAĞLAM','5052088168','elisasağlam51@hotmail.com','2015-02-12',6,'2','84','11','83','42'),(3717,'Çağan','KURU','5340957011','çağankuru11@gmail.com','2015-02-27',10,'9','37','40','58','57'),(3718,'Kaan','SUNA','5348577142','kaansuna3@outlook.com','2015-01-16',8,'5','49','23','97','74'),(3719,'Enes','GÜZEL','5320023287','enesgüzel71@yandex.com','2015-01-25',11,'8','43','73','56','43'),(3720,'Kayra','AKIN','5338375849','kayraakın54@yandex.com','2015-01-12',4,'10','37','74','65','64'),(3721,'Sarp','ÇETİN','5355158028','sarpçetin76@hotmail.com','2015-01-12',7,'2','44','76','57','5'),(3722,'Arda','HEKİM','5051053173','ardahekim14@yandex.com','2015-02-12',7,'5','80','32','91','59'),(3723,'Beren','METİN','5330862371','berenmetin74@windowslive.com','2015-01-22',11,'3','29','72','39','75'),(3724,'Sena','ŞAFAK','5346689731','senaşafak27@yandex.com','2015-01-13',6,'3','87','48','59','97'),(3725,'Emre','SUNA','5074401645','emresuna53@gmail.com','2015-02-25',5,'4','2','48','11','72'),(3726,'Kayra','DEMİR','5334470394','kayrademir87@gmail.com','2015-02-19',8,'4','96','0','79','4'),(3727,'Emine','AKIN','5537752570','emineakın30@windowslive.com','2015-01-11',1,'10','23','63','41','57'),(3728,'Emir','METİN','5057047171','emirmetin74@mynet.com','2015-02-04',3,'8','51','9','52','3'),(3729,'Selin','ÇETİN','5066517158','selinçetin78@mynet.com','2015-02-14',3,'1','16','83','14','36'),(3730,'Emre','YILMAZ','5324927533','emreyılmaz2@yandex.com','2015-02-17',8,'9','10','26','13','60'),(3731,'Beren','ORMAN','5327713288','berenorman20@outlook.com','2015-01-04',8,'6','81','20','23','21'),(3732,'Berke','İNCE','5535110846','berkeince80@outlook.com','2015-02-02',1,'1','31','56','54','31'),(3733,'Utku','SUNA','5461099898','utkusuna78@gmail.com','2015-02-19',5,'10','91','66','79','47'),(3734,'Selin','MERT','5536935914','selinmert76@hotmail.com','2015-01-16',1,'2','96','2','92','48'),(3735,'Zeynep','ÇELİK','5358475125','zeynepçelik94@hotmail.com','2015-02-13',1,'4','30','29','37','48'),(3736,'Baran','YILDIRIM','5331383079','baranyıldırım35@yandex.com','2015-02-03',7,'2','72','52','61','31'),(3737,'Beren','İNCE','5529259472','berenince6@gmail.com','2015-01-11',1,'5','46','21','28','6'),(3738,'Kağan','METİN','5324227966','kağanmetin94@windowslive.com','2015-01-18',2,'7','66','72','35','69'),(3739,'Görkem','ÖZTÜRK','5064016905','görkemöztürk51@hotmail.com','2015-01-17',3,'3','66','66','75','98'),(3740,'Enes','ÇELİK','5353538336','enesçelik27@outlook.com','2015-02-20',4,'2','87','78','62','63'),(3741,'Ahmet','ACAR','5528769561','ahmetacar10@gmail.com','2015-01-22',5,'3','64','55','1','35'),(3742,'Emre','SEVER','5329632698','emresever6@windowslive.com','2015-01-05',3,'4','6','12','95','62'),(3743,'Ahmet','DEMİR','5341268182','ahmetdemir83@outlook.com','2015-01-18',5,'5','51','11','77','46'),(3744,'Kağan','YILDIRIM','5341859957','kağanyıldırım53@windowslive.com','2015-02-01',4,'9','86','55','49','88'),(3745,'Deniz','ŞAFAK','5461271585','denizşafak12@windowslive.com','2015-02-08',3,'10','4','68','0','20'),(3746,'Eren','ÖZTÜRK','5352632420','erenöztürk52@hotmail.com','2015-01-23',5,'5','44','34','62','4'),(3747,'Ceren','AKIN','5346553840','cerenakın96@windowslive.com','2015-02-07',1,'1','91','97','44','5'),(3748,'Ceren','GÜZEL','5068435836','cerengüzel69@yandex.com','2015-02-05',6,'6','51','20','51','30'),(3749,'Sarp','ŞAFAK','5531177993','sarpşafak37@outlook.com','2015-01-05',5,'4','51','87','33','48'),(3750,'Berk','ÖZTÜRK','5528382431','berköztürk4@gmail.com','2015-02-09',7,'10','73','26','80','59'),(3751,'Samet','SÖZER','5333515103','sametsözer12@hotmail.com','2015-01-24',9,'7','4','31','29','44'),(3752,'Deniz','ÇETİN','5526487162','denizçetin83@windowslive.com','2015-01-22',10,'2','98','37','19','23'),(3753,'Ceren','SEVER','5352332269','cerensever91@gmail.com','2015-02-13',10,'1','97','75','45','75'),(3754,'Ahmet','ABZAK','5527402401','ahmetabzak72@mynet.com','2015-01-25',10,'6','92','71','34','75'),(3755,'Enes','DEMİR','5073900695','enesdemir70@gmail.com','2015-02-07',3,'8','30','31','77','65'),(3756,'Utku','YILDIRIM','5320332922','utkuyıldırım22@windowslive.com','2015-02-17',11,'2','1','25','40','3'),(3757,'Kayra','ÖZTEKİN','5324828128','kayraöztekin13@mynet.com','2015-01-23',6,'3','71','7','50','16'),(3758,'Berk','GÜZEL','5529416209','berkgüzel43@mynet.com','2015-01-25',8,'8','88','32','41','21'),(3759,'Emre','AKIN','5057458689','emreakın2@yandex.com','2015-01-09',9,'5','89','96','3','74'),(3760,'Zeynep','OYNAR','5525774144','zeynepoynar19@windowslive.com','2015-02-03',11,'9','67','86','93','90'),(3761,'Emre','ÖZTEKİN','5329684031','emreöztekin27@mynet.com','2015-01-24',9,'3','13','19','41','99'),(3762,'Mert','METİN','5327476908','mertmetin37@outlook.com','2015-01-01',9,'4','3','51','91','66'),(3763,'Çağan','ÖZTEKİN','5073271038','çağanöztekin1@outlook.com','2015-01-18',1,'1','0','55','59','47'),(3764,'Selin','ŞAFAK','5520281885','selinşafak38@windowslive.com','2015-02-05',2,'3','81','95','28','9'),(3765,'Mert','YILDIRIM','5065639164','mertyıldırım0@outlook.com','2015-01-08',5,'5','45','67','54','41'),(3766,'Ahmet','ABZAK','5074819958','ahmetabzak14@yandex.com','2015-01-24',6,'3','57','99','58','17'),(3767,'Berke','YILMAZ','5339147423','berkeyılmaz37@gmail.com','2015-01-16',7,'2','26','31','87','26'),(3768,'Ceren','SEVER','5060177059','cerensever37@hotmail.com','2015-02-26',1,'3','18','59','23','78'),(3769,'Mustafa','ILIK','5522545403','mustafaılık72@outlook.com','2015-02-09',1,'8','31','49','23','24'),(3770,'Kağan','OKTAY','5070027336','kağanoktay96@mynet.com','2015-01-08',11,'2','96','67','10','98'),(3771,'Simay','GÖÇMEN','5062570899','simaygöçmen22@mynet.com','2015-01-24',3,'1','8','2','44','10'),(3772,'Kaan','AKIN','5075407495','kaanakın70@outlook.com','2015-02-11',2,'3','83','76','57','27'),(3773,'Can','SÖZER','5324007341','cansözer34@yandex.com','2015-01-13',10,'6','43','12','76','42'),(3774,'Alya','ÖZTÜRK','5071289129','alyaöztürk30@hotmail.com','2015-01-11',1,'9','58','96','7','19'),(3775,'Deniz','HEKİM','5351369010','denizhekim23@outlook.com','2015-02-08',7,'7','88','84','44','46'),(3776,'Enes','ILICALI','5355302019','enesılıcalı29@windowslive.com','2015-02-23',8,'3','43','3','25','15'),(3777,'Yağız','MERT','5076650369','yağızmert49@gmail.com','2015-02-12',8,'10','33','93','36','49'),(3778,'Eren','SERİN','5333958641','erenserin68@hotmail.com','2015-01-15',4,'2','78','57','52','99'),(3779,'Kayra','ILICALI','5461003039','kayraılıcalı41@yandex.com','2015-02-07',2,'4','98','25','43','81'),(3780,'Kayra','İNCE','5341755190','kayraince31@outlook.com','2015-02-20',5,'3','1','56','25','38'),(3781,'Sena','İNCE','5066730340','senaince9@gmail.com','2015-02-25',11,'3','99','74','31','97'),(3782,'Utku','SERT','5352962693','utkusert74@windowslive.com','2015-01-09',9,'4','22','69','29','78'),(3783,'Eren','YILDIRIM','5069665874','erenyıldırım78@mynet.com','2015-01-05',1,'6','63','20','29','66'),(3784,'Enes','AKSOY','5537692563','enesaksoy8@outlook.com','2015-01-14',11,'5','24','12','1','3'),(3785,'Berra','ACAR','5539592329','berraacar62@hotmail.com','2015-01-03',8,'4','61','55','10','94'),(3786,'Mina','ÖZTEKİN','5345698875','minaöztekin24@outlook.com','2015-02-06',10,'6','88','66','45','30'),(3787,'Simay','MERT','5343460936','simaymert84@mynet.com','2015-01-14',10,'4','69','32','49','98'),(3788,'Emre','SERT','5335639264','emresert74@hotmail.com','2015-01-13',5,'4','53','37','61','17'),(3789,'Ege','ORMAN','5530406614','egeorman97@yandex.com','2015-02-22',8,'6','91','42','69','65'),(3790,'Beren','İNCE','5072797535','berenince78@windowslive.com','2015-01-09',3,'8','76','78','12','22'),(3791,'Sarp','MERT','5344102918','sarpmert92@mynet.com','2015-01-17',8,'1','16','27','36','42'),(3792,'Selin','OYNAR','5531207751','selinoynar40@windowslive.com','2015-01-09',8,'4','57','34','73','49'),(3793,'Enes','SAĞLAM','5053594117','enessağlam41@yandex.com','2015-02-13',4,'8','94','48','15','28'),(3794,'Enes','SÖZER','5530658149','enessözer85@windowslive.com','2015-01-04',11,'4','55','3','74','30'),(3795,'Ege','METİN','5523363299','egemetin30@hotmail.com','2015-01-27',6,'5','31','35','22','84'),(3796,'Enes','IŞIK','5077886978','enesışık64@mynet.com','2015-02-13',7,'4','10','5','36','68'),(3797,'Elisa','ORMAN','5056363721','elisaorman68@outlook.com','2015-01-18',11,'6','3','8','32','80'),(3798,'Berk','YILDIRIM','5336247287','berkyıldırım73@gmail.com','2015-01-09',8,'10','46','57','21','36'),(3799,'Görkem','ACAR','5460989541','görkemacar92@hotmail.com','2015-01-21',9,'8','83','71','47','23'),(3800,'Nisa','ÖZTÜRK','5073901122','nisaöztürk4@hotmail.com','2015-01-05',4,'9','25','30','68','42'),(3801,'Çağan','SAĞLAM','5075102683','çağansağlam84@gmail.com','2015-02-24',4,'6','62','21','49','93'),(3802,'Sena','ÇELİK','5335926330','senaçelik35@outlook.com','2015-01-14',11,'8','23','52','18','22'),(3803,'Mustafa','HEKİM','5065426950','mustafahekim61@yandex.com','2015-02-06',9,'3','39','97','79','1'),(3804,'Eren','ÇELİK','5467807332','erençelik54@gmail.com','2015-01-17',1,'10','83','98','51','31'),(3805,'Ali','ACAR','5055860391','aliacar96@yandex.com','2015-01-26',4,'8','28','53','88','5'),(3806,'Baran','MERT','5467472953','baranmert75@yandex.com','2015-02-27',10,'10','14','17','64','54'),(3807,'Utku','ÇELİK','5054505913','utkuçelik68@outlook.com','2015-02-08',3,'2','29','67','10','26'),(3808,'Ali','ÇELİK','5070194413','aliçelik84@mynet.com','2015-01-06',2,'1','79','3','93','63'),(3809,'Melis','OYNAR','5062250397','melisoynar55@hotmail.com','2015-01-10',3,'5','57','30','21','47'),(3810,'Melis','KURU','5079002364','meliskuru17@yandex.com','2015-02-10',7,'1','64','77','63','81'),(3811,'Nisa','SAĞLAM','5066818866','nisasağlam46@gmail.com','2015-01-08',6,'8','63','59','48','96'),(3812,'Kaan','ILIK','5078169850','kaanılık35@outlook.com','2015-02-22',7,'6','0','20','23','7'),(3813,'Emir','METİN','5356675269','emirmetin93@windowslive.com','2015-01-15',10,'10','42','61','93','75'),(3814,'Utku','ORMAN','5050831182','utkuorman63@outlook.com','2015-02-17',1,'3','95','51','74','25'),(3815,'Çağan','ÇELİK','5464294789','çağançelik62@mynet.com','2015-01-02',6,'7','30','72','2','55'),(3816,'Mert','IŞIK','5061583127','mertışık54@outlook.com','2015-02-09',5,'6','21','31','97','88'),(3817,'Mert','OYNAR','5329650813','mertoynar59@outlook.com','2015-01-14',1,'8','72','23','42','56'),(3818,'Can','ŞAFAK','5061944157','canşafak34@yandex.com','2015-02-12',9,'10','68','56','2','7'),(3819,'Utku','ÖZTÜRK','5350791444','utkuöztürk50@hotmail.com','2015-02-12',9,'5','85','44','19','7'),(3820,'Ece','ILIK','5071237652','eceılık3@gmail.com','2015-01-26',2,'6','99','1','49','44'),(3821,'Can','ÖZTÜRK','5331460722','canöztürk19@hotmail.com','2015-01-01',8,'2','6','66','0','43'),(3822,'Azra','SAĞLAM','5336371596','azrasağlam9@yandex.com','2015-02-09',2,'3','76','98','32','81'),(3823,'Mina','YILDIRIM','5532594875','minayıldırım14@hotmail.com','2015-01-26',5,'4','84','70','43','58'),(3824,'Selin','ILICALI','5052679857','selinılıcalı40@gmail.com','2015-02-01',11,'4','17','17','41','56'),(3825,'Ece','IŞIK','5468950382','eceışık84@yandex.com','2015-02-14',1,'6','26','22','82','91'),(3826,'Elisa','ÖZTÜRK','5531797444','elisaöztürk64@gmail.com','2015-01-08',2,'4','27','75','77','98'),(3827,'Çağan','SAĞLAM','5329338265','çağansağlam76@outlook.com','2015-02-02',8,'10','52','27','94','29'),(3828,'Emine','YILDIRIM','5357637325','emineyıldırım72@mynet.com','2015-02-15',9,'8','28','94','55','47'),(3829,'Kaan','ŞAFAK','5324314469','kaanşafak23@gmail.com','2015-02-04',2,'10','48','18','14','77'),(3830,'Ceren','ABZAK','5064204170','cerenabzak94@gmail.com','2015-02-17',3,'9','67','58','65','45'),(3831,'Can','YILDIRIM','5335058820','canyıldırım35@outlook.com','2015-01-08',5,'3','93','54','1','52'),(3832,'Berra','SERİN','5522837576','berraserin84@hotmail.com','2015-02-13',9,'9','71','64','32','11'),(3833,'Yağız','IŞIK','5531770650','yağızışık45@gmail.com','2015-02-17',7,'6','49','29','32','99'),(3834,'Baran','ORMAN','5069681136','baranorman64@windowslive.com','2015-01-08',11,'3','97','6','31','69'),(3835,'Elisa','ORMAN','5469008876','elisaorman18@hotmail.com','2015-01-05',1,'8','71','34','80','0'),(3836,'Emre','AKIN','5359668775','emreakın82@gmail.com','2015-01-07',8,'1','80','24','85','20'),(3837,'Batuhan','ABZAK','5349305106','batuhanabzak52@outlook.com','2015-01-09',4,'3','89','7','31','95'),(3838,'Yağız','SUNA','5051982800','yağızsuna15@yandex.com','2015-02-01',8,'5','26','63','71','73'),(3839,'Mustafa','ABZAK','5462305288','mustafaabzak6@hotmail.com','2015-02-17',7,'10','88','4','38','62'),(3840,'Sena','IŞIK','5341769192','senaışık59@outlook.com','2015-02-16',7,'4','28','66','60','99'),(3841,'Arda','HEKİM','5053734006','ardahekim38@outlook.com','2015-01-17',3,'4','85','20','41','82'),(3842,'Emine','KURU','5529814044','eminekuru44@hotmail.com','2015-01-05',3,'1','35','78','4','25'),(3843,'Burak','SERİN','5462734249','burakserin31@outlook.com','2015-01-26',7,'8','88','60','76','47'),(3844,'Sena','GÖÇMEN','5075657373','senagöçmen64@gmail.com','2015-01-21',9,'1','6','68','16','72'),(3845,'Emre','ORMAN','5068380294','emreorman39@windowslive.com','2015-01-01',1,'10','49','25','19','71'),(3846,'Baran','HEKİM','5329945968','baranhekim86@mynet.com','2015-02-16',3,'8','81','10','1','90'),(3847,'Sarp','ÖZTÜRK','5326785022','sarpöztürk3@yandex.com','2015-02-12',11,'7','55','2','13','75'),(3848,'Berra','ÖZTÜRK','5342278190','berraöztürk96@outlook.com','2015-02-27',6,'2','36','1','57','21'),(3849,'Beren','MERT','5522855700','berenmert59@windowslive.com','2015-01-17',11,'2','58','12','83','35'),(3850,'Selin','ŞAFAK','5529707001','selinşafak93@mynet.com','2015-02-12',5,'9','1','19','11','12'),(3851,'Berra','GÖÇMEN','5056323715','berragöçmen44@hotmail.com','2015-02-02',2,'2','97','74','23','40'),(3852,'Mina','ACAR','5328197168','minaacar89@windowslive.com','2015-02-09',1,'3','60','56','7','76'),(3853,'Mustafa','OKTAY','5320317690','mustafaoktay79@hotmail.com','2015-01-10',5,'6','93','50','92','24'),(3854,'Ege','GÜZEL','5061509846','egegüzel31@outlook.com','2015-02-08',3,'4','24','44','45','50'),(3855,'Enes','KURU','5072960192','eneskuru18@windowslive.com','2015-02-19',3,'1','57','59','16','94'),(3856,'Neva','ER','5536061154','nevaer17@yandex.com','2015-02-09',1,'8','47','68','31','97'),(3857,'Mert','OKTAY','5063573791','mertoktay9@gmail.com','2015-02-05',10,'2','65','96','84','91'),(3858,'Burak','ER','5531497239','buraker59@yandex.com','2015-02-24',9,'6','68','82','94','3'),(3859,'Batuhan','ER','5331122886','batuhaner28@hotmail.com','2015-02-02',2,'10','46','81','17','42'),(3860,'Arda','ÇETİN','5074644867','ardaçetin36@outlook.com','2015-01-01',4,'9','65','52','86','42'),(3861,'Kerem','ÇELİK','5463825694','keremçelik67@mynet.com','2015-01-20',8,'4','41','64','57','72'),(3862,'Yağız','SUNA','5331989534','yağızsuna0@outlook.com','2015-01-24',4,'6','48','52','98','37'),(3863,'Berk','DEMİR','5527314818','berkdemir55@windowslive.com','2015-01-26',8,'8','9','4','78','72'),(3864,'Çağan','DEMİR','5525025094','çağandemir23@outlook.com','2015-01-11',3,'8','79','70','39','97'),(3865,'Berra','ILICALI','5054237036','berraılıcalı53@outlook.com','2015-02-21',1,'4','39','19','11','87'),(3866,'Arda','ŞAFAK','5326850348','ardaşafak14@outlook.com','2015-01-05',7,'4','80','38','54','51'),(3867,'Sena','DEMİR','5344072312','senademir26@yandex.com','2015-02-15',3,'10','52','30','11','91'),(3868,'Melis','SERT','5328727709','melissert62@yandex.com','2015-02-02',7,'3','47','1','93','10'),(3869,'Kerem','OYNAR','5338307926','keremoynar60@mynet.com','2015-01-05',4,'3','93','46','15','82'),(3870,'Görkem','SEVER','5327900142','görkemsever83@outlook.com','2015-01-11',8,'4','70','72','78','98'),(3871,'Can','SUNA','5321918001','cansuna39@outlook.com','2015-01-06',9,'3','23','41','0','93'),(3872,'Azra','YILMAZ','5460036604','azrayılmaz3@gmail.com','2015-01-23',4,'8','23','9','54','27'),(3873,'Simay','MERT','5346006746','simaymert86@mynet.com','2015-01-11',4,'1','67','91','74','67'),(3874,'Mustafa','GÜZEL','5339369935','mustafagüzel44@yandex.com','2015-02-20',10,'9','53','34','33','4'),(3875,'Zeynep','ÖZTEKİN','5327224699','zeynepöztekin70@gmail.com','2015-02-08',1,'9','79','71','73','38'),(3876,'Melis','SEVER','5460148157','melissever70@outlook.com','2015-01-04',2,'7','86','19','61','86'),(3877,'Kerem','SAĞLAM','5469156453','keremsağlam67@windowslive.com','2015-01-15',3,'10','63','90','78','89'),(3878,'Berk','HEKİM','5347858683','berkhekim61@windowslive.com','2015-02-27',4,'1','14','7','37','9'),(3879,'Emir','SERİN','5052569847','emirserin54@gmail.com','2015-02-22',1,'5','81','71','31','79'),(3880,'Kerem','SERİN','5326468903','keremserin68@yandex.com','2015-02-25',11,'2','57','71','48','67'),(3881,'Ece','İNCE','5071729901','eceince48@windowslive.com','2015-01-08',9,'6','11','14','40','7'),(3882,'Berk','IŞIK','5051537380','berkışık19@windowslive.com','2015-01-16',11,'7','69','59','6','30'),(3883,'Çağan','ÖZTEKİN','5462839289','çağanöztekin78@gmail.com','2015-02-11',10,'9','31','83','21','45'),(3884,'Neva','OYNAR','5466237380','nevaoynar69@outlook.com','2015-02-07',3,'4','26','11','21','48'),(3885,'Berke','SAĞLAM','5538098151','berkesağlam98@hotmail.com','2015-01-17',9,'10','30','3','79','94'),(3886,'Mina','SERİN','5461625419','minaserin78@windowslive.com','2015-01-04',4,'8','4','3','51','95'),(3887,'Ece','İNCE','5327023126','eceince65@hotmail.com','2015-02-07',3,'5','59','62','95','81'),(3888,'Utku','METİN','5359595006','utkumetin25@hotmail.com','2015-02-06',2,'7','16','11','81','22'),(3889,'Emine','SUNA','5538708850','eminesuna52@gmail.com','2015-01-03',8,'9','31','7','79','45'),(3890,'Emre','ÇETİN','5534810793','emreçetin15@mynet.com','2015-02-03',7,'3','24','18','5','31'),(3891,'Kerem','SUNA','5528731876','keremsuna75@outlook.com','2015-01-04',4,'1','93','70','13','66'),(3892,'Enes','ÇELİK','5466012554','enesçelik10@mynet.com','2015-02-24',4,'10','88','53','80','71'),(3893,'Ahmet','GÖÇMEN','5333989384','ahmetgöçmen3@mynet.com','2015-02-09',7,'4','8','71','63','64'),(3894,'Görkem','ÇELİK','5068022198','görkemçelik52@hotmail.com','2015-01-25',9,'10','58','35','97','28'),(3895,'Mustafa','ILIK','5530362526','mustafaılık76@gmail.com','2015-02-11',6,'5','73','44','93','80'),(3896,'Deniz','GÖÇMEN','5331818668','denizgöçmen20@yandex.com','2015-01-10',3,'8','69','96','18','31'),(3897,'Simay','ILIK','5523888924','simayılık45@hotmail.com','2015-01-26',8,'9','84','37','46','52'),(3898,'Mustafa','YILDIRIM','5466471885','mustafayıldırım91@windowslive.com','2015-01-01',2,'6','30','3','61','50'),(3899,'Sarp','SAĞLAM','5055240965','sarpsağlam5@mynet.com','2015-01-13',7,'1','42','88','92','85'),(3900,'Deniz','SÖZER','5062602055','denizsözer21@mynet.com','2015-01-02',11,'10','93','10','16','81'),(3901,'Alya','MERT','5329446267','alyamert9@windowslive.com','2015-01-18',1,'8','16','14','90','27'),(3902,'Emir','SÖZER','5325974440','emirsözer31@windowslive.com','2015-02-18',11,'5','74','74','91','89'),(3903,'Ahmet','GÖÇMEN','5534835192','ahmetgöçmen8@hotmail.com','2015-01-16',3,'8','72','12','32','40'),(3904,'Elisa','ÖZTÜRK','5537748179','elisaöztürk64@outlook.com','2015-01-07',8,'4','13','95','39','36'),(3905,'Mustafa','SÖZER','5059357619','mustafasözer9@yandex.com','2015-01-11',5,'7','57','74','15','6'),(3906,'Yağız','SÖZER','5065030236','yağızsözer97@mynet.com','2015-02-18',9,'8','40','55','20','74'),(3907,'Mustafa','DEMİR','5326805540','mustafademir11@hotmail.com','2015-02-23',6,'4','66','69','49','40'),(3908,'Can','GÖÇMEN','5328057818','cangöçmen95@mynet.com','2015-02-25',11,'1','56','22','44','52'),(3909,'Ceren','ER','5057364535','cerener21@windowslive.com','2015-01-10',5,'5','16','40','5','96'),(3910,'Can','SAĞLAM','5330222489','cansağlam91@mynet.com','2015-02-11',4,'8','83','29','10','7'),(3911,'Ege','ÖZTÜRK','5070974165','egeöztürk13@gmail.com','2015-01-05',8,'1','76','51','19','83'),(3912,'Yağız','HEKİM','5539400680','yağızhekim61@windowslive.com','2015-02-26',11,'3','52','1','30','49'),(3913,'Utku','ÖZTEKİN','5325960202','utkuöztekin81@gmail.com','2015-01-25',7,'3','48','16','1','57'),(3914,'Baran','ÖZTÜRK','5342471204','baranöztürk78@outlook.com','2015-02-04',9,'7','74','22','94','63'),(3915,'Berke','IŞIK','5052092148','berkeışık31@outlook.com','2015-01-26',3,'10','30','91','57','97'),(3916,'Kağan','IŞIK','5528058052','kağanışık77@hotmail.com','2015-02-22',10,'2','67','94','42','77'),(3917,'Eren','SEVER','5537078536','erensever59@yandex.com','2015-01-04',2,'9','75','17','83','37'),(3918,'Alya','ACAR','5469517377','alyaacar4@mynet.com','2015-01-12',7,'4','41','20','98','25'),(3919,'Alya','AKSOY','5357407875','alyaaksoy86@hotmail.com','2015-01-21',5,'1','6','25','92','68'),(3920,'Sena','DEMİR','5465704125','senademir57@gmail.com','2015-01-24',10,'3','38','42','50','71'),(3921,'Mina','ÖZTÜRK','5529134099','minaöztürk15@outlook.com','2015-02-21',6,'5','64','47','22','65'),(3922,'Baran','SERİN','5062416776','baranserin85@hotmail.com','2015-02-23',8,'8','81','88','20','18'),(3923,'Ahmet','OKTAY','5320890336','ahmetoktay69@mynet.com','2015-02-01',1,'2','90','97','80','50'),(3924,'Ege','SEVER','5078249446','egesever76@yandex.com','2015-02-13',9,'4','1','81','1','27'),(3925,'Yağız','ER','5061268279','yağızer95@mynet.com','2015-02-03',1,'7','98','3','6','58'),(3926,'Emre','OKTAY','5469290326','emreoktay55@gmail.com','2015-02-18',5,'7','11','32','13','34'),(3927,'Ege','ER','5466353188','egeer95@windowslive.com','2015-02-18',5,'5','95','59','1','40'),(3928,'Emre','ŞAFAK','5524796634','emreşafak42@gmail.com','2015-02-23',9,'2','65','85','31','26'),(3929,'Mert','MERT','5355634320','mertmert69@outlook.com','2015-01-17',8,'2','28','63','5','75'),(3930,'Neva','SEVER','5526662483','nevasever53@yandex.com','2015-01-18',4,'10','13','3','58','85'),(3931,'Neva','SÖZER','5520590432','nevasözer31@gmail.com','2015-01-15',7,'7','6','57','83','75'),(3932,'Sena','DEMİR','5349508718','senademir72@hotmail.com','2015-02-20',6,'5','80','11','83','36');
/*!40000 ALTER TABLE `musteri` ENABLE KEYS */;
UNLOCK TABLES;

--
-- Dumping routines for database 'yamugapart'
--
/*!40103 SET TIME_ZONE=@OLD_TIME_ZONE */;

/*!40101 SET SQL_MODE=@OLD_SQL_MODE */;
/*!40014 SET FOREIGN_KEY_CHECKS=@OLD_FOREIGN_KEY_CHECKS */;
/*!40014 SET UNIQUE_CHECKS=@OLD_UNIQUE_CHECKS */;
/*!40101 SET CHARACTER_SET_CLIENT=@OLD_CHARACTER_SET_CLIENT */;
/*!40101 SET CHARACTER_SET_RESULTS=@OLD_CHARACTER_SET_RESULTS */;
/*!40101 SET COLLATION_CONNECTION=@OLD_COLLATION_CONNECTION */;
/*!40111 SET SQL_NOTES=@OLD_SQL_NOTES */;

-- Dump completed on 2015-01-10 14:17:52
